Title,Manufacturer,Price,Link,Category,Image,Store
MB Gigabyte B550M AORUS ELITE AM4 DDR4 4733MHz OC SATA3 2xM.2 USB3.2 PCIe 4.0 HDMI/DVI,Gigabyte,6280,https://www.anhoch.com/products/mb-gigabyte-b550m-aorus-elite-am4-ddr4-4733mhz-oc-sata3-2xm2-usb32-pcie-40-hdmidvi-9957,Motherboard,https://www.anhoch.com/storage/media/gab550maoruselite_1.jpg,Anhoch
MB Gigabyte B550M DS3H AM4 DDR4 4733MHz OC/SATA3/2xM.2/USB3.2/PCIe 4.0/HDMI/DVI/DP,Gigabyte,5780,https://www.anhoch.com/products/mb-gigabyte-b550m-ds3h-am4-ddr4-4733mhz-ocsata32xm2usb32pcie-40hdmidvidp-9958,Motherboard,https://www.anhoch.com/storage/media/gab550mds3h_1.jpg,Anhoch
MB Gigabyte B550M K AM4 DDR4 4733MHz OC/2xM.2/Gbit LAN/USB3.2/PCIe 4.0/HDMI,Gigabyte,5280,https://www.anhoch.com/products/mb-gigabyte-b550m-k-am4-ddr4-4733mhz-oc2xm2gbit-lanusb32pcie-40hdmi-1224,Motherboard,https://www.anhoch.com/storage/media/gab550mk.jpg,Anhoch
MB Gigabyte A520M S2H AM4 DDR4 5100MHz OC SATA3 M.2 USB 3.2 HDMI/DVI/VGA GBit LAN,Gigabyte,3980,https://www.anhoch.com/products/mb-gigabyte-a520m-s2h-am4-ddr4-5100mhz-oc-sata3-m2-usb-32-hdmidvivga-gbit-lan-0986,Motherboard,https://www.anhoch.com/storage/media/gaa520ms2h_1.jpg,Anhoch
MB Gigabyte A620M H AM5 DDR5 7200MHz OC/SATA3/M.2/GBit LAN/PCIe 4.0/HDMI/DP,Gigabyte,5580,https://www.anhoch.com/products/mb-gigabyte-a620m-h-am5-ddr5-7200mhz-ocsata3m2gbit-lanpcie-40hdmidp-3293,Motherboard,https://www.anhoch.com/storage/media/a620mh.jpg,Anhoch
MB Gigabyte B650 EAGLE DDR5 AM5 7600MHz OC/3xM.2/USB3.2/Type-C/PCIe 4.0 DP/HDMI,Gigabyte,9580,https://www.anhoch.com/products/mb-gigabyte-b650-eagle-ddr5-am5-7600mhz-oc3xm2usb32typecpcie-40-dphdmi-3294,Motherboard,https://www.anhoch.com/storage/media/b650eagle.jpg,Anhoch
MB Gigabyte B650 EAGLE AX DDR5 AM5 7600MHz OC/3xM.2/WIFI 6E/BT5.3/Type-C/PCIe 4.0 DP/HDMI,Gigabyte,10180,https://www.anhoch.com/products/mb-gigabyte-b650-eagle-ax-ddr5-am5-7600mhz-oc3xm2wifi-6ebt53typecpcie-40-dphdmi-3295,Motherboard,https://www.anhoch.com/storage/media/b650eagleax.jpg,Anhoch
"MB Gigabyte H610M K DDR4 LGA1700 3200MHz SATA3 M.2 USB3.2, GBit LAN, PCIe 4.0, HDMI",Gigabyte,4080,https://www.anhoch.com/products/mb-gigabyte-h610m-k-ddr4-lga1700-3200mhz-sata3-m2-usb32-gbit-lan-pcie-40-hdmi-0230,Motherboard,https://www.anhoch.com/storage/media/gah610mk.jpg,Anhoch
MB Gigabyte H610M H V3 DDR4 LGA1700 3200MHz SATA3 M.2 USB3.2 GBit LAN PCIe 4.0 HDMI/VGA,Gigabyte,4180,https://www.anhoch.com/products/mb-gigabyte-h610m-h-v3-ddr4-lga1700-3200mhz-sata3-m2-usb32-gbit-lan-pcie-40-hdmivga-2281,Motherboard,https://www.anhoch.com/storage/media/gah610mhv3ddr4.jpg,Anhoch
MB Gigabyte B650 GAMING X AX V2 DDR5 AM5 8000MHz OC/3xM.2/WiFi/BT5.3/Type-C/PCIe 4.0/DP/HDMI,Gigabyte,11980,https://www.anhoch.com/products/mb-gigabyte-b650-gaming-x-ax-v2-ddr5-am5-8000mhz-oc3xm2wifibt53typecpcie-40dphdmi-1804,Motherboard,https://www.anhoch.com/storage/media/gab650gamingxaxv2.jpg,Anhoch
MB Gigabyte B650M D3HP AM5 DDR5 7600MHz OC/SATA3/2xM.2/USB3.2/Type-C/PCIe 4.0/2.5GBit/HDMI/2xDP,Gigabyte,7980,https://www.anhoch.com/products/mb-gigabyte-b650m-d3hp-am5-ddr5-7600mhz-ocsata32xm2usb32typecpcie-4025gbithdmi2xdp-1805,Motherboard,https://www.anhoch.com/storage/media/gab650md3hp.jpg,Anhoch
MB Gigabyte H610M S2H V2 DDR5 LGA1700 5600MHz SATA3 M.2 USB3.2 GBit LAN PCIe 4.0 DP/HDMI/DVI/VGA,Gigabyte,5080,https://www.anhoch.com/products/mb-gigabyte-h610m-s2h-v2-ddr5-lga1700-5600mhz-sata3-m2-usb32-gbit-lan-pcie-40-dphdmidvivga-1845,Motherboard,https://www.anhoch.com/storage/media/gah610ms2hv2ddr5.jpg,Anhoch
MB Gigabyte B760M D3HP LGA1700 DDR5 5600MHz OC/SATA3/2xM.2/USB3.2/Gbit LAN/PCIe 4.0/VGA/HDMI/DP,Gigabyte,7480,https://www.anhoch.com/products/mb-gigabyte-b760m-d3hp-lga1700-ddr5-5600mhz-ocsata32xm2usb32gbit-lanpcie-40vgahdmidp-5718,Motherboard,https://www.anhoch.com/storage/media/b760md3hp.jpg,Anhoch
MB Gigabyte A620M DS3H AM5 DDR5 7600MHz OC/SATA3/M.2/Gbit LAN/PCIe 4.0/HDMI/DP,Gigabyte,6380,https://www.anhoch.com/products/mb-gigabyte-a620m-ds3h-am5-ddr5-7600mhz-ocsata3m2gbit-lanpcie-40hdmidp-0056,Motherboard,https://www.anhoch.com/storage/media/gaa620mds3h.jpg,Anhoch
MB Gigabyte B850 GAMING X WIFI6E DDR5 AM5 8200MHz OC/3xM.2/BT5.3/2.5Gb/Type-C/PCIe 5.0/DP/HDMI,Gigabyte,14780,https://www.anhoch.com/products/mb-gigabyte-b850-gaming-x-wifi6e-ddr5-am5-8200mhz-oc3xm2bt5325gbtypecpcie-50dphdmi-5739,Motherboard,https://www.anhoch.com/storage/media/b850gamingxwifi6e.jpg,Anhoch
MB Gigabyte B760M H LGA1700 DDR4 5333MHz OC/SATA3/2xM.2/USB3.2/Gbit LAN/PCIe 4.0/VGA/HDMI,Gigabyte,5980,https://www.anhoch.com/products/mb-gigabyte-b760m-h-lga1700-ddr4-5333mhz-ocsata32xm2usb32gbit-lanpcie-40vgahdmi-9564,Motherboard,https://www.anhoch.com/storage/media/gab760mh.jpg,Anhoch
MB Gigabyte H610M H V2 DDR5 LGA1700 5600MHz/SATA3/M.2/USB3.2/Gbit LAN/PCIe 4.0/HDMI/VGA,Gigabyte,4980,https://www.anhoch.com/products/mb-gigabyte-h610m-h-v2-ddr5-lga1700-5600mhzsata3m2usb32gbit-lanpcie-40hdmivga-5744,Motherboard,https://www.anhoch.com/storage/media/h610mhv2.jpg,Anhoch
MB Gigabyte Z790 D AX LGA1700 DDR5 7600MHz OC/3xM.2/Type-C/WiFi6E/BT5.3/2.5Gb/PCIe5.0/HDMI/DP,Gigabyte,11980,https://www.anhoch.com/products/mb-gigabyte-z790-d-ax-lga1700-ddr5-7600mhz-oc3xm2typecwifi6ebt5325gbpcie50hdmidp-5745,Motherboard,https://www.anhoch.com/storage/media/z790dax.jpg,Anhoch
MB Gigabyte B760 GAMING X DDR5 LGA1700 7600MHz OC SATA3 3xM.2 USB3.2/Type-C PCIe 4.0 DP/HDMI,Gigabyte,9580,https://www.anhoch.com/products/mb-gigabyte-b760-gaming-x-ddr5-lga1700-7600mhz-oc-sata3-3xm2-usb32typec-pcie-40-dphdmi-8548,Motherboard,https://www.anhoch.com/storage/media/gab760gamingx.jpg,Anhoch
MB Gigabyte B760 GAMING X AX DDR5 LGA1700 7600MHz OC SATA3 3xM.2 WiFi BT Type-C PCIe 4.0 DP/HDMI,Gigabyte,10780,https://www.anhoch.com/products/mb-gigabyte-b760-gaming-x-ax-ddr5-lga1700-7600mhz-oc-sata3-3xm2-wifi-bt-typec-pcie-40-dphdmi-8549,Motherboard,https://www.anhoch.com/storage/media/gab760gamingxax.jpg,Anhoch
MB Gigabyte B760M DS3H LGA1700 DDR5 7600MHz OC/SATA3/2xM.2/USB3.2/Type-C/PCIe 4.0/VGA/HDMI/2xDP,Gigabyte,7680,https://www.anhoch.com/products/mb-gigabyte-b760m-ds3h-lga1700-ddr5-7600mhz-ocsata32xm2usb32typecpcie-40vgahdmi2xdp-0357,Motherboard,https://www.anhoch.com/storage/media/gab760mds3hddr5.jpg,Anhoch
MB Gigabyte B760M DS3H LGA1700 DDR4 5333MHz OC/SATA3/2xM.2/USB3.2/Type-C/PCIe 4.0/VGA/HDMI/2xDP,Gigabyte,6180,https://www.anhoch.com/products/mb-gigabyte-b760m-ds3h-lga1700-ddr4-5333mhz-ocsata32xm2usb32typecpcie-40vgahdmi2xdp-8310,Motherboard,https://www.anhoch.com/storage/media/gab760mds3h.jpg,Anhoch
MB Gigabyte B550 GAMING X V2 AM4 DDR4 4733MHz OC SATA3 2xM.2 USB3.2/Type-C PCIe 4.0 HDMI/DVI,Gigabyte,7280,https://www.anhoch.com/products/mb-gigabyte-b550-gaming-x-v2-am4-ddr4-4733mhz-oc-sata3-2xm2-usb32typec-pcie-40-hdmidvi-2221,Motherboard,https://www.anhoch.com/storage/media/gab550gamingxv2_1.jpg,Anhoch
MB Gigabyte B760 DS3H LGA1700 DDR4 5333MHz OC/2xM.2/USB3.2/Type-C/PCIe 4.0/Gbit LAN/HDMI/DP,Gigabyte,7980,https://www.anhoch.com/products/mb-gigabyte-b760-ds3h-lga1700-ddr4-5333mhz-oc2xm2usb32typecpcie-40gbit-lanhdmidp-5721,Motherboard,https://www.anhoch.com/storage/media/b760ds3hddr4.jpg,Anhoch
MB Gigabyte X870 EAGLE WIFI7 AM5 DDR5 8000MHz OC/SATA3 3xM.2/ BT5.4/USB3.2/2.5Gb/PCIe 5.0/HDMI,Gigabyte,16380,https://www.anhoch.com/products/mb-gigabyte-x870-eagle-wifi7-am5-ddr5-8000mhz-ocsata3-3xm2-bt54usb3225gbpcie-50hdmi-3296,Motherboard,https://www.anhoch.com/storage/media/x870eaglewifi7.jpg,Anhoch
MB Gigabyte Z790 D LGA1700 DDR5 7600MHz OC/3xM.2/Type-C/USB3.2/PCIe 4.0/2.5Gb/HDMI/DP,Gigabyte,10980,https://www.anhoch.com/products/mb-gigabyte-z790-d-lga1700-ddr5-7600mhz-oc3xm2typecusb32pcie-4025gbhdmidp-3299,Motherboard,https://www.anhoch.com/storage/media/z790d.jpg,Anhoch
MB Gigabyte B760 DS3H LGA1700 DDR5 7600MHz OC/2xM.2/USB3.2/Type-C/PCIe 4.0/Gbit LAN/HDMI/DP,Gigabyte,8680,https://www.anhoch.com/products/mb-gigabyte-b760-ds3h-lga1700-ddr5-7600mhz-oc2xm2usb32typecpcie-40gbit-lanhdmidp-3816,Motherboard,https://www.anhoch.com/storage/media/b760ds3h.jpg,Anhoch
"MB Gigabyte B650M AORUS ELITE AX ICE DDR5 AM5 8000MHz OC SATA3 2xM.2 WiFi 6E, BT, PCIe 5.0 HDMI/DP",Gigabyte,13480,https://www.anhoch.com/products/mb-gigabyte-b650m-aorus-elite-ax-ice-ddr5-am5-8000mhz-oc-sata3-2xm2-wifi-6e-bt-pcie-50-hdmidp-1803,Motherboard,https://www.anhoch.com/storage/media/gab650maeliteaxiceg10.jpg,Anhoch
MB Gigabyte A620M GAMING X AM5 DDR5 8000MHz OC SATA3 M.2 USB 3.2 Type-C GBit LAN PCIe 4.0 DP/HDMI,Gigabyte,7680,https://www.anhoch.com/products/mb-gigabyte-a620m-gaming-x-am5-ddr5-8000mhz-oc-sata3-m2-usb-32-typec-gbit-lan-pcie-40-dphdmi-0049,Motherboard,https://www.anhoch.com/storage/media/gaa620mgamingx.jpg,Anhoch
"MB MSI B760 GAMING PLUS WIFI 6E DDR4 LGA1700 5333+MHz OC SATA3/2xM.2/USB3.2/Type-C, BT, 2.5G HDMI/DP",MSI,9180,https://www.anhoch.com/products/mb-msi-b760-gaming-plus-wifi-6e-ddr4-lga1700-5333-plus-mhz-oc-sata32xm2usb32typec-bt-25g-hdmidp-5717,Motherboard,https://www.anhoch.com/storage/media/b760gamingpluswifiddr4.jpg,Anhoch
MB Gigabyte B760M GAMING X DDR4 LGA1700 5333MHz OC/SATA3/3xM.2/USB3.2/2.5GBit/PCIe 4.0/DP/HDMI,Gigabyte,7980,https://www.anhoch.com/products/mb-gigabyte-b760m-gaming-x-ddr4-lga1700-5333mhz-ocsata33xm2usb3225gbitpcie-40dphdmi-5720,Motherboard,https://www.anhoch.com/storage/media/b760mgamingxddr4.jpg,Anhoch
MB Gigabyte Z790 AORUS ELITE AX LGA1700 DDR5 7600MHz OC/4xM.2/Type-C/WiFi/BT/2.5Gb/PCIe5.0/HDMI/DP,Gigabyte,15980,https://www.anhoch.com/products/mb-gigabyte-z790-aorus-elite-ax-lga1700-ddr5-7600mhz-oc4xm2typecwifibt25gbpcie50hdmidp-8318,Motherboard,https://www.anhoch.com/storage/media/gaz790aeliteax.jpg,Anhoch
MB Gigabyte Z790 AORUS ELITE LGA1700 DDR4 5333MHz OC/4xM.2/Type-C/2.5Gb/PCIe5.0/HDMI,Gigabyte,12480,https://www.anhoch.com/products/mb-gigabyte-z790-aorus-elite-lga1700-ddr4-5333mhz-oc4xm2typec25gbpcie50hdmi-6318,Motherboard,https://www.anhoch.com/storage/media/z790aeliteddr4.jpg,Anhoch
MB Gigabyte Z790 EAGLE AX LGA1700 DDR5 7600MHz OC/3xM.2/Type-C/WiFi6E/BT5.3/2.5Gb/PCIe5.0/HDMI/DP,Gigabyte,12980,https://www.anhoch.com/products/mb-gigabyte-z790-eagle-ax-lga1700-ddr5-7600mhz-oc3xm2typecwifi6ebt5325gbpcie50hdmidp-6320,Motherboard,https://www.anhoch.com/storage/media/z790eagleax.jpg,Anhoch
MB Gigabyte B850M AORUS ELITE WIFI6E ICE DDR5 AM5 8200MHz OC/2xM.2/BT5.3/2.5Gb/Type-C/PCIe 5.0/DP,Gigabyte,14780,https://www.anhoch.com/products/mb-gigabyte-b850m-aorus-elite-wifi6e-ice-ddr5-am5-8200mhz-oc2xm2bt5325gbtypecpcie-50dp-5741,Motherboard,https://www.anhoch.com/storage/media/b850maeltwf6eice.jpg,Anhoch
MB Gigabyte Z790 S DDR4 LGA1700 5333MHz OC/3xM.2/USB3.2/PCIe 4.0/2.5Gb/HDMI/DP,Gigabyte,10780,https://www.anhoch.com/products/mb-gigabyte-z790-s-ddr4-lga1700-5333mhz-oc3xm2usb32pcie-4025gbhdmidp-5746,Motherboard,https://www.anhoch.com/storage/media/z790sddr4.jpg,Anhoch
MB Gigabyte Z790 EAGLE LGA1700 DDR5 7600MHz OC/3xM.2/Type-C/2.5Gb/PCIe5.0/HDMI/DP,Gigabyte,11780,https://www.anhoch.com/products/mb-gigabyte-z790-eagle-lga1700-ddr5-7600mhz-oc3xm2typec25gbpcie50hdmidp-6319,Motherboard,https://www.anhoch.com/storage/media/z790eagle.jpg,Anhoch
"MB Gigabyte H510M S2H V3 LGA1200 DDR4 3200MHz SATA3, M.2, USB3.2, GBit LAN PCIe 3.0 DP/HDMI/VGA",Gigabyte,3980,https://www.anhoch.com/products/mb-gigabyte-h510m-s2h-v3-lga1200-ddr4-3200mhz-sata3-m2-usb32-gbit-lan-pcie-30-dphdmivga-0229,Motherboard,https://www.anhoch.com/storage/media/gah510ms2hv3.jpg,Anhoch
MB Gigabyte B850M D3HP DDR5 AM5 8200MHz OC/2xM.2/Gbit LAN/USB3.2/Type-C/PCIe 5.0/HDMI/2xDP,Gigabyte,9680,https://www.anhoch.com/products/mb-gigabyte-b850m-d3hp-ddr5-am5-8200mhz-oc2xm2gbit-lanusb32typecpcie-50hdmi2xdp-5742,Motherboard,https://www.anhoch.com/storage/media/b850md3hp.jpg,Anhoch
MB MSI MPG B550 GAMING PLUS RYZEN AM4 DDR4-4400+MHz Gbit LAN USB3.2 DP/HDMI RGB Mystic Light,MSI,7680,https://www.anhoch.com/products/mb-msi-mpg-b550-gaming-plus-ryzen-am4-ddr44400-plus-mhz-gbit-lan-usb32-dphdmi-rgb-mystic-light-0169,Motherboard,https://www.anhoch.com/storage/media/mpgb550gamingplus.jpg,Anhoch
MB Gigabyte A520M DS3H V2 AM4 DDR4 4733MHz OC/SATA3/M.2/USB3.2/DP/HDMI/Gbit LAN,Gigabyte,4180,https://www.anhoch.com/products/mb-gigabyte-a520m-ds3h-v2-am4-ddr4-4733mhz-ocsata3m2usb32dphdmigbit-lan-0226,Motherboard,https://www.anhoch.com/storage/media/gaa520mds3hv2.jpg,Anhoch
MB Gigabyte B550 AORUS ELITE V2 AM4 DDR4 4733MHz OC SATA3 2xM.2 USB3.2/Type-C PCIe 4.0 DP/HDMI,Gigabyte,8480,https://www.anhoch.com/products/mb-gigabyte-b550-aorus-elite-v2-am4-ddr4-4733mhz-oc-sata3-2xm2-usb32typec-pcie-40-dphdmi-1111,Motherboard,https://www.anhoch.com/storage/media/gab550aoruselitev2_1.jpg,Anhoch
"MB MSI Z790 GAMING PLUS WIFI 6E DDR5 LGA1700 7200MHz OC SATA3 4xM.2,USB 3.2/Type-C, 2.5GBit DP/HDMI",MSI,13980,https://www.anhoch.com/products/mb-msi-z790-gaming-plus-wifi-6e-ddr5-lga1700-7200mhz-oc-sata3-4xm2usb-32typec-25gbit-dphdmi-3143,Motherboard,https://www.anhoch.com/storage/media/z790gamingpluswifi.jpg,Anhoch
MB Gigabyte A520M K V2 AM4 DDR4 5100MHz OC SATA3 M.2 HDMI Gbit LAN,Gigabyte,3480,https://www.anhoch.com/products/mb-gigabyte-a520m-k-v2-am4-ddr4-5100mhz-oc-sata3-m2-hdmi-gbit-lan-9563,Motherboard,https://www.anhoch.com/storage/media/gaa520mkv2.jpg,Anhoch
MB Gigabyte B760 GAMING X DDR4 LGA1700 5333MHz OC SATA3 3xM.2 USB3.2/Type-C PCIe 4.0 DP/HDMI,Gigabyte,9280,https://www.anhoch.com/products/mb-gigabyte-b760-gaming-x-ddr4-lga1700-5333mhz-oc-sata3-3xm2-usb32typec-pcie-40-dphdmi-8309,Motherboard,https://www.anhoch.com/storage/media/gab760gamingxddr4.jpg,Anhoch
"MB MSI PRO Z790-A MAX WIFI 7 DDR5 LGA1700 7000MHz OC 4xM.2,USB 3.2/Type-C 2.5GBit DP/HDMI",MSI,16980,https://www.anhoch.com/products/mb-msi-pro-z790a-max-wifi-7-ddr5--lga1700-7000mhz-oc-4xm2usb-32typec-25gbit-dphdmi-6304,Motherboard,https://www.anhoch.com/storage/media/7e07-014r.jpg,Anhoch
MB Gigabyte H610M S2H V3 DDR4 LGA1700 3200MHz SATA3 M.2 USB3.2 GBit LAN PCIe 4.0 HDMI/VGA/2xDP,Gigabyte,4880,https://www.anhoch.com/products/mb-gigabyte-h610m-s2h-v3-ddr4-lga1700-3200mhz-sata3-m2-usb32-gbit-lan-pcie-40-hdmivga2xdp-2280,Motherboard,https://www.anhoch.com/storage/media/gah610ms2hv3ddr4.jpg,Anhoch
MB Gigabyte H510M H V2 LGA1200 DDR4 3200MHz SATA3 M.2 USB3.2 GBit LAN PCIe 4.0 HDMI/VGA,Gigabyte,3780,https://www.anhoch.com/products/mb-gigabyte-h510m-h-v2-lga1200-ddr4-3200mhz-sata3-m2-usb32-gbit-lan-pcie-40-hdmivga-9565,Motherboard,https://www.anhoch.com/storage/media/gah510mhv2.jpg,Anhoch
MB Gigabyte B860M AORUS ELITE WIFI6E ICE LGA1851 DDR5 9200MHz OC/3xM.2/BT 5.3/2.5Gb/PCIe5.0/HDMI/DP,Gigabyte,14780,https://www.anhoch.com/products/mb-gigabyte-b860m-aorus-elite-wifi6e-ice-lga1851-ddr5-9200mhz-oc3xm2bt-5325gbpcie50hdmidp-5743,Motherboard,https://www.anhoch.com/storage/media/b860maeltwf6eice.jpg,Anhoch
"MB MSI MAG Z790 TOMAHAWK MAX WIFI 7 DDR5 LGA1700 7800MHz OC 4xM.2,USB 3.2/Type-C, 2.5GBit DP/HDMI",MSI,17980,https://www.anhoch.com/products/mb-msi-mag-z790-tomahawk-max-wifi-7-ddr5-lga1700-7800mhz-oc-4xm2usb-32typec-25gbit-dphdmi-6301,Motherboard,https://www.anhoch.com/storage/media/7e25-002r.jpg,Anhoch
MB Gigabyte H410M H V2 LGA1200 DDR4 2933MHz SATA3 M.2 USB3.2 GBit LAN HDMI/VGA,Gigabyte,3580,https://www.anhoch.com/products/mb-gigabyte-h410m-h-v2-lga1200-ddr4-2933mhz-sata3-m2-usb32-gbit-lan-hdmivga-1485,Motherboard,https://www.anhoch.com/storage/media/gah410mhv2_1.jpg,Anhoch
MB Gigabyte X870 GAMING X WIFI7 AM5 DDR5 8000MHz OC/SATA3/3xM.2/BT5.4/USB3.2/2.5Gb/PCIe 5.0/HDMI,Gigabyte,17980,https://www.anhoch.com/products/mb-gigabyte-x870-gaming-x-wifi7-am5-ddr5-8000mhz-ocsata33xm2bt54usb3225gbpcie-50hdmi-3297,Motherboard,https://www.anhoch.com/storage/media/x870gamingxwifi7.jpg,Anhoch
MB Gigabyte X870E AORUS MASTER AM5 DDR5 8600MHz OC/SATA3/4xM.2/Type-C/WIFI 7/BT/5Gb/PCIe5.0 DP/HDMI,Gigabyte,34980,https://www.anhoch.com/products/mb-gigabyte-x870e-aorus-master-am5-ddr5-8600mhz-ocsata34xm2typecwifi-7bt5gbpcie50-dphdmi-3298,Motherboard,https://www.anhoch.com/storage/media/x870eaorusmaster.jpg,Anhoch
MB Gigabyte Z790 AORUS ELITE X WIFI7 LGA1700 DDR5 8266MHz OC 4xM.2 Type-C BT 2.5Gb PCIe5.0 HDMI/DP,Gigabyte,18480,https://www.anhoch.com/products/mb-gigabyte-z790-aorus-elite-x-wifi7-lga1700-ddr5-8266mhz-oc-4xm2-typec-bt-25gb-pcie50-hdmidp-2888,Motherboard,https://www.anhoch.com/storage/media/z790aelitexwifi7g10.jpg,Anhoch
MB ASUS ROG STRIX X870-A GAMING WIFI 7 AM5 DDR5 8000MHz OC/4xM.2/BT5.4/USB3.2/2.5Gb/PCIe 5.0/HDMI/DP,ASUS,24980,https://www.anhoch.com/products/mb-asus-rog-strix-x870a-gaming-wifi-7-am5-ddr5-8000mhz-oc4xm2bt54usb3225gbpcie-50hdmidp-6537,Motherboard,https://www.anhoch.com/storage/media/90mb1if0-m0eay0-1.jpg,Anhoch
MB MSI PRO B760-P WIFI DDR4 LGA1700 5333MHz OC SATA3 2xM.2 USB3.2/Type-C HDMI/DP,MSI,8480,https://www.anhoch.com/products/mb-msi-pro-b760p-wifi-ddr4-lga1700-5333mhz-oc-sata3-2xm2-usb32typec-hdmidp-8612,Motherboard,https://www.anhoch.com/storage/media/1024(12).jpg,Anhoch
MB Gigabyte Z790 AORUS MASTER X LGA1700 DDR5 8266MHz OC/5xM.2/WiFi 7/BT 5.3/10Gb/PCIe5.0/DP,Gigabyte,30980,https://www.anhoch.com/products/mb-gigabyte-z790-aorus-master-x-lga1700-ddr5-8266mhz-oc5xm2wifi-7bt-5310gbpcie50dp-0231,Motherboard,https://www.anhoch.com/storage/media/gaz790amasterx.jpg,Anhoch
MB Gigabyte Z790 GAMING X AX LGA1700 DDR5 7600MHz OC 4xM.2 Type-C WiFi BT 2.5Gb PCIe5.0 HDMI/DP,Gigabyte,16980,https://www.anhoch.com/products/mb-gigabyte-z790-gaming-x-ax-lga1700-ddr5-7600mhz-oc-4xm2-typec-wifi-bt-25gb-pcie50-hdmidp-7981,Motherboard,https://www.anhoch.com/storage/media/gaz790gamingxax.jpg,Anhoch
MB Gigabyte X870 AORUS ELITE WIFI7 AM5 DDR5 8000MHz OC/4xM.2/BT5.4/USB3.2/PCIe 5.0/HDMI,Gigabyte,20980,https://www.anhoch.com/products/mb-gigabyte-x870-aorus-elite-wifi7-am5-ddr5-8000mhz-oc4xm2bt54usb32pcie-50hdmi-3135,Motherboard,https://www.anhoch.com/storage/media/gax870aelitewifi7.jpg,Anhoch
MB Gigabyte Z890M GAMING X LGA1851 DDR5 8800MHz OC/3xM.2/USB3.2/Type-C/2.5Gb/PCIe5.0/HDMI/2xDP,Gigabyte,13780,https://www.anhoch.com/products/mb-gigabyte-z890m-gaming-x-lga1851-ddr5-8800mhz-oc3xm2usb32typec25gbpcie50hdmi2xdp-3141,Motherboard,https://www.anhoch.com/storage/media/z890mgx.jpg,Anhoch
"MB MSI PRO B650M-P AM5 DDR5 6000+MHz OC SATA3, 2X M.2, USB3.2,Type-C, 2.5Gbit LAN PCIe 4.0 DP/HDMI",MSI,7680,https://www.anhoch.com/products/mb-msi-pro-b650mp-am5-ddr5-6000-plus-mhz-oc-sata3-2x-m2-usb32typec-25gbit-lan-pcie-40-dphdmi-0070,Motherboard,https://www.anhoch.com/storage/media/prob650mp.jpg,Anhoch
MB Gigabyte B850 GAMING WIFI6 DDR5 AM5 8200MHz OC/3xM.2/BT5.3/Gbit LAN/Type-C/PCIe 5.0/DP/HDMI,Gigabyte,12380,https://www.anhoch.com/products/mb-gigabyte-b850-gaming-wifi6-ddr5-am5-8200mhz-oc3xm2bt53gbit-lantypecpcie-50dphdmi-5740,Motherboard,https://www.anhoch.com/storage/media/b850gamingwf6.jpg,Anhoch
MB ASUS ROG STRIX X870-F GAMING WIFI 7 AM5 DDR5 8000MHz OC/4xM.2/BT5.4/USB3.2/2.5Gb/PCIe 5.0/HDMI/DP,ASUS,27480,https://www.anhoch.com/products/mb-asus-rog-strix-x870f-gaming-wifi-7-am5-ddr5-8000mhz-oc4xm2bt54usb3225gbpcie-50hdmidp-6538,Motherboard,https://www.anhoch.com/storage/media/90mb1iv0-m0eay0.jpg,Anhoch
MB ASUS ROG STRIX Z890-F GAMING WIFI 7 LGA1851 DDR5 8600MHz OC/5xM.2/BT 5.4/2.5Gb/PCIe 5.0/HDMI/DP,ASUS,28480,https://www.anhoch.com/products/mb-asus-rog-strix-z890f-gaming-wifi-7-lga1851-ddr5-8600mhz-oc5xm2bt-5425gbpcie-50hdmidp-6539,Motherboard,https://www.anhoch.com/storage/media/90mb1i40-m0eay0.jpg,Anhoch
"MB MSI MAG Z790 TOMAHAWK WIFI 6E DDR5 LGA1700 7200MHz OC SATA3 4xM.2,USB 3.2/Type-C 2.5GBit DP/HDMI",MSI,14780,https://www.anhoch.com/products/mb-msi-mag-z790-tomahawk-wifi-6e-ddr5-lga1700-7200mhz-oc-sata3-4xm2usb-32typec-25gbit-dphdmi-0421,Motherboard,https://www.anhoch.com/storage/media/magz790tomahawkwifiddr5.jpg,Anhoch
MB Gigabyte B650M S2H AM5 DDR5 7200MHz OC/SATA3/M.2/USB3.2/PCIe 4.0/1GBit/HDMI/DP/VGA,Gigabyte,6780,https://www.anhoch.com/products/mb-gigabyte-b650m-s2h-am5-ddr5-7200mhz-ocsata3m2usb32pcie-401gbithdmidpvga-4041,Motherboard,https://www.anhoch.com/storage/media/b650ms2h.jpg,Anhoch
MB MSI A520M PRO AM4 DDR4 4600MHz OC SATA3 M.2 USB 3.2 HDMI/DVI/VGA GBit LAN,MSI,3980,https://www.anhoch.com/products/mb-msi-a520m-pro-am4-ddr4-4600mhz-oc-sata3-m2-usb-32-hdmidvivga-gbit-lan-0978,Motherboard,https://www.anhoch.com/storage/media/a520mpro.jpg,Anhoch
MB Gigabyte B650M GAMING X AX DDR5 AM5 8000MHz OC/2xM.2/WiFi 6E/BT/Type-C/PCIe 4.0/HDMI/2xDP,Gigabyte,10980,https://www.anhoch.com/products/mb-gigabyte-b650m-gaming-x-ax-ddr5-am5-8000mhz-oc2xm2wifi-6ebttypecpcie-40hdmi2xdp-0227,Motherboard,https://www.anhoch.com/storage/media/gab650mgamingxax.jpg,Anhoch
MB Gigabyte B650 AORUS ELITE AX V2 DDR5 AM5 8000MHz OC/3xM.2/WiFi 6E/BT5.3/PCIe 4.0/HDMI/DP,Gigabyte,12980,https://www.anhoch.com/products/mb-gigabyte-b650-aorus-elite-ax-v2-ddr5-am5-8000mhz-oc3xm2wifi-6ebt53pcie-40hdmidp-3815,Motherboard,https://www.anhoch.com/storage/media/b650aeliteaxv2.jpg,Anhoch
"MB MSI PRO Z790-P WIFI 6E DDR5 LGA1700 LGA1700 7000MHz OC SATA3 4xM.2,USB 3.2/Type-C 2.5GBit DP/HDMI",MSI,13980,https://www.anhoch.com/products/mb-msi-pro-z790p-wifi-6e-ddr5-lga1700-lga1700-7000mhz-oc-sata3-4xm2usb-32typec-25gbit-dphdmi-1263,Motherboard,https://www.anhoch.com/storage/media/msiproz790p.jpg,Anhoch
"MB MSI MAG B650 TOMAHAWK WIFI 6E AM5 DDR5 7600MHz OC SATA3 3X M.2, USB3.2, 2.5Gbit LAN DP/HDMI",MSI,12980,https://www.anhoch.com/products/mb-msi-mag-b650-tomahawk-wifi-6e-am5-ddr5-7600mhz-oc-sata3-3x-m2-usb32-25gbit-lan-dphdmi-1264,Motherboard,https://www.anhoch.com/storage/media/magb650tomahawkwifi.jpg,Anhoch
"MB MSI PRO B650M-B AM5 DDR5 6800+MHz OC SATA3, M.2, USB3.2, 2.5Gbit LAN PCIe 4.0 VGA/HDMI",MSI,5980,https://www.anhoch.com/products/mb-msi-pro-b650mb-am5-ddr5-6800-plus-mhz-oc-sata3-m2-usb32-25gbit-lan-pcie-40-vgahdmi-1265,Motherboard,https://www.anhoch.com/storage/media/prob650mb.jpg,Anhoch
"MB MSI B760 GAMING PLUS WIFI 6E DDR5 LGA1700 6800+MHz OC SATA3 2xM.2 USB3.2/Type-C, BT, 2.5G HDMI/DP",MSI,10280,https://www.anhoch.com/products/mb-msi-b760-gaming-plus-wifi-6e-ddr5-lga1700-6800-plus-mhz-oc-sata3-2xm2-usb32typec-bt-25g-hdmidp-1267,Motherboard,https://www.anhoch.com/storage/media/b760gamingpluswifi.jpg,Anhoch
MB Gigabyte Z790 AORUS ELITE AX ICE LGA1700 DDR5 7600MHz OC/4xM.2/WiFi/BT/2.5Gb/PCIe5.0/HDMI/DP,Gigabyte,16480,https://www.anhoch.com/products/mb-gigabyte-z790-aorus-elite-ax-ice-lga1700-ddr5-7600mhz-oc4xm2wifibt25gbpcie50hdmidp-1808,Motherboard,https://www.anhoch.com/storage/media/gaz790aeliteaxice.jpg,Anhoch
MB Gigabyte B650M DS3H AM5 DDR5 6400MHz OC SATA3 2xM.2 USB3.2/Type-C PCIe 4.0 HDMI/2xDP,Gigabyte,9580,https://www.anhoch.com/products/mb-gigabyte-b650m-ds3h-am5-ddr5-6400mhz-oc-sata3-2xm2-usb32typec-pcie-40-hdmi2xdp-7987,Motherboard,https://www.anhoch.com/storage/media/gab650ds3h.jpg,Anhoch
MB Gigabyte B760M DS3H AX DDR4 LGA1700 5333MHz OC/SATA3/2xM.2/WiFi/BT/Type-C/PCIe 4.0/2xDP/HDMI,Gigabyte,8180,https://www.anhoch.com/products/mb-gigabyte-b760m-ds3h-ax-ddr4-lga1700-5333mhz-ocsata32xm2wifibttypecpcie-402xdphdmi-5719,Motherboard,https://www.anhoch.com/storage/media/b760mds3haxddr4.jpg,Anhoch
MB Gigabyte X870 AORUS ELITE WIFI7 ICE AM5 DDR5 8000MHz OC/4xM.2/BT 5.4/USB3.2/PCIe 5.0/HDMI,Gigabyte,20980,https://www.anhoch.com/products/mb-gigabyte-x870-aorus-elite-wifi7-ice-am5-ddr5-8000mhz-oc4xm2bt-54usb32pcie-50hdmi-3136,Motherboard,https://www.anhoch.com/storage/media/gax870aelitewf7i.jpg,Anhoch
MB Gigabyte Z890 EAGLE WIFI7 LGA1851 DDR5 8800MHz OC/4xM.2/BT 5.4/2.5Gb/PCIe5.0/DP/Type-C,Gigabyte,16780,https://www.anhoch.com/products/mb-gigabyte-z890-eagle-wifi7-lga1851-ddr5-8800mhz-oc4xm2bt-5425gbpcie50dptypec-3139,Motherboard,https://www.anhoch.com/storage/media/z890eaglewifi7.jpg,Anhoch
MB Gigabyte Z890 AORUS ELITE WIFI7 ICE LGA1851 DDR5 9200MHz OC/4xM.2/BT 5.4/2.5Gb/PCIe5.0/HDMI/DP,Gigabyte,19980,https://www.anhoch.com/products/mb-gigabyte-z890-aorus-elite-wifi7-ice-lga1851-ddr5-9200mhz-oc4xm2bt-5425gbpcie50hdmidp-3142,Motherboard,https://www.anhoch.com/storage/media/z890aelitewf7ice.jpg,Anhoch
MB MSI PRO B760-P DDR4 II LGA1700 5333MHz OC SATA3 2xM.2 USB3.2/Type-C 2.5G HDMI/DP,MSI,7680,https://www.anhoch.com/products/mb-msi-pro-b760p-ddr4-ii-lga1700-5333mhz-oc-sata3-2xm2-usb32typec-25g-hdmidp-3144,Motherboard,https://www.anhoch.com/storage/media/prob760-pddr4ii.jpg,Anhoch
"MB MSI B650 GAMING PLUS WIFI 6E AM5 DDR5 7200MHz OC SATA3 2X M.2, USB3.2/Type-C, 2.5Gbit LAN DP/HDMI",MSI,10480,https://www.anhoch.com/products/mb-msi-b650-gaming-plus-wifi-6e-am5-ddr5-7200mhz-oc-sata3-2x-m2-usb32typec-25gbit-lan-dphdmi-3145,Motherboard,https://www.anhoch.com/storage/media/b650gamingpluswifi.jpg,Anhoch
MB Gigabyte B850 AORUS ELITE WIFI7 ICE DDR5 AM5 8200MHz OC/3xM.2/BT5.3/2.5Gb/Type-C/PCIe 5.0/DP,Gigabyte,15480,https://www.anhoch.com/products/mb-gigabyte-b850-aorus-elite-wifi7-ice-ddr5-am5-8200mhz-oc3xm2bt5325gbtypecpcie-50dp-5738,Motherboard,https://www.anhoch.com/storage/media/b850aelitewf7ice.jpg,Anhoch
MB MSI PRO A620M-E AM5 DDR5 6800MHz OC SATA3 M.2 USB 3.2 HDMI/VGA GBit LAN,MSI,4780,https://www.anhoch.com/products/mb-msi-pro-a620me-am5-ddr5-6800mhz-oc-sata3-m2-usb-32-hdmivga-gbit-lan-3146,Motherboard,https://www.anhoch.com/storage/media/proa620m-e.jpg,Anhoch
"MB Gigabyte B650 A ELITE AX ICE DDR5 AM5 8000MHz OC SATA3 3xM.2 WiFi 6E, BT 5.3, PCIe 5.0 HDMI/DP",Gigabyte,13580,https://www.anhoch.com/products/mb-gigabyte-b650-a-elite-ax-ice-ddr5-am5-8000mhz-oc-sata3-3xm2-wifi-6e-bt-53-pcie-50-hdmidp-2892,Motherboard,https://www.anhoch.com/storage/media/b650aeliteaxiceg10.jpg,Anhoch
MB Gigabyte H510M K V2 LGA1200 DDR4 3200MHz SATA3 M.2 USB3.2 GBit LAN PCIe 4.0 HDMI,Gigabyte,3580,https://www.anhoch.com/products/mb-gigabyte-h510m-k-v2-lga1200-ddr4-3200mhz-sata3-m2-usb32-gbit-lan-pcie-40-hdmi-9566,Motherboard,https://www.anhoch.com/storage/media/gah510mkv2.jpg,Anhoch
MB Gigabyte Z790 AERO G LGA1700 DDR5 7600MHz OC/SATA3 5xM.2 Type-C WiFi BT 2.5Gb PCIe5.0 HDMI,Gigabyte,22480,https://www.anhoch.com/products/mb-gigabyte-z790-aero-g-lga1700-ddr5-7600mhz-ocsata3-5xm2-typec-wifi-bt-25gb-pcie50-hdmi-9568,Motherboard,https://www.anhoch.com/storage/media/gaz790aerog.jpg,Anhoch
MB Gigabyte H410M S2H V2 LGA1200 DDR4 2933MHz SATA3 M.2 USB3.2 GBit LAN HDMI/DVI/VGA,Gigabyte,4080,https://www.anhoch.com/products/mb-gigabyte-h410m-s2h-v2-lga1200-ddr4-2933mhz-sata3-m2-usb32-gbit-lan-hdmidvivga-8312,Motherboard,https://www.anhoch.com/storage/media/gah410ms2hv2.jpg,Anhoch
"MB MSI B760M GAMING PLUS WIFI 6E DDR5 LGA1700 6800+MHz OC SATA3 2xM.2 USB3.2 BT, 2.5G 2xHDMI/2xDP",MSI,9380,https://www.anhoch.com/products/mb-msi-b760m-gaming-plus-wifi-6e-ddr5-lga1700-6800-plus-mhz-oc-sata3-2xm2-usb32--bt-25g-2xhdmi2xdp-1910,Motherboard,https://www.anhoch.com/storage/media/b760mgamingpluswifi.jpg,Anhoch
MB MSI PRO A620M-B AM5 DDR5 6800MHz OC/SATA3/M.2/USB 3.2/HDMI/VGA/2.5GBit LAN,MSI,4980,https://www.anhoch.com/products/mb-msi-pro-a620mb-am5-ddr5-6800mhz-ocsata3m2usb-32hdmivga25gbit-lan-5790,Motherboard,https://www.anhoch.com/storage/media/proa620m-b.jpg,Anhoch
MB MSI PRO B760M-P DDR4 LGA1700 4800MHz OC SATA3 2xM.2 USB3.2/Type-C VGA/HDMI/DP,MSI,5380,https://www.anhoch.com/products/mb-msi-pro-b760mp-ddr4-lga1700-4800mhz-oc-sata3-2xm2-usb32typec-vgahdmidp-0422,Motherboard,https://www.anhoch.com/storage/media/prob760mp.jpg,Anhoch
MB Gigabyte Z890 EAGLE LGA1851 DDR5 8800MHz OC/4xM.2/USB3.2/2.5Gb/PCIe5.0/DP/Type-C,Gigabyte,14980,https://www.anhoch.com/products/mb-gigabyte-z890-eagle-lga1851-ddr5-8800mhz-oc4xm2usb3225gbpcie50dptypec-6349,Motherboard,https://www.anhoch.com/storage/media/z890eagle.jpg,Anhoch
MB Gigabyte Z890 GAMING X WIFI7 LGA1851 DDR5 8800MHz OC/4xM.2/BT 5.4/2.5Gb/PCIe5.0/HDMI/DP,Gigabyte,18280,https://www.anhoch.com/products/mb-gigabyte-z890-gaming-x-wifi7-lga1851-ddr5-8800mhz-oc4xm2bt-5425gbpcie50hdmidp-3140,Motherboard,https://www.anhoch.com/storage/media/z890gxwifi7.jpg,Anhoch
