Title,Price,Link,Image,Category,Store
Матична плоча Asrock A520M-HVS AMD A520 Socket AM4 micro ATX,"4,290 MKD.",https://gjirafa50.mk/matichna-plocha-asrock-a520m-hvs-amd-a520-socket-am4-micro-atx,,Motherboard,Gjirafa50
ASUS TUF GAMING B650-PLUS WIFI - AMD B650,"14,490 MKD.",https://gjirafa50.mk/pllake-ame-asus-tuf-gaming-b650-plus-wifi-amd-b650-2,,Motherboard,Gjirafa50
Матична плоча Asrock B450M-HDV R4.0 AMD B450 Socket AM4 micro ATX,"4,090 MKD.",https://gjirafa50.mk/pllake-ame-asrock-b450m-hdv-amd-b450-socket-am4-micro-atx,,Motherboard,Gjirafa50
Матична плоча ASRock H610M-H2/M.2 D5,"5,690 MKD.",https://gjirafa50.mk/pllake-ame-asrock-h610m-h2m2-d5,,Motherboard,Gjirafa50
Матична плоча Biostar H510MHP 2.0 Intel H510 LGA 1200 (Socket H5) micro ATX,"5,090 MKD.",https://gjirafa50.mk/pllake-ame-biostar-h510mhp-20-intel-h510-lga-1200-socket-h5-micro-atx,,Motherboard,Gjirafa50
Матична плоча ASUS PRIME B450-PLUS Socket AM4 ATX AMD B450,"6,790 MKD.",https://gjirafa50.mk/pllake-ame-asus-prime-b450-plus-amd-b450-socket-am4-atx,,Motherboard,Gjirafa50
Матична плоча Gigabyte B550M DS3H Socket AM4 micro ATX AMD B550,"7,790 MKD.",https://gjirafa50.mk/pllake-ame-gigabyte-b550m-ds3h-socket-am4-micro-atx-amd-b550,,Motherboard,Gjirafa50
Матична плоча ASUS TUF Gaming B650-PLUS WiFi AMD B650 Socket AM5 ATX,"13,790 MKD.",https://gjirafa50.mk/pllake-ame-asus-tuf-gaming-b650-plus-wifi-amd-b650-socket-am5-atx,,Motherboard,Gjirafa50
Матична плоча ASUS ROG STRIX B650E-E Gaming WiFi AMD B650 Socket AM5 ATX,"24,090 MKD.",https://gjirafa50.mk/pllake-ame-asus-rog-strix-b650e-e-gaming-wifi-amd-b650-socket-am5-atx,,Motherboard,Gjirafa50
Матична плоча ASUS ROG STRIX B550-A Gaming AMD B550 ATX,"9,790 MKD.",https://gjirafa50.mk/pllake-ame-asus-rog-strix-b550-a-gaming-amd-b550-atx,,Motherboard,Gjirafa50
Матична плоча Gigabyte A520M S2H Socket AM4 micro ATX,"5,090 MKD.",https://gjirafa50.mk/matichna-plocha-gigabyte-a520m-s2h-socket-am4-micro-atx,,Motherboard,Gjirafa50
Матична плоча Gigabyte B550I AORUS PRO AX AMD B550 AM4 socket Mini-ITX,"12,990 MKD.",https://gjirafa50.mk/pllake-ame-gigabyte-b550i-aorus-pro-ax-amd-b550-am4-socket-mini-itx,,Motherboard,Gjirafa50
Матична плоча ASUS TUF GAMING B650-PLUS - AMD B650,"15,490 MKD.",https://gjirafa50.mk/pllake-ame-asus-tuf-gaming-b650-plus-amd-b650-2,,Motherboard,Gjirafa50
Pllakë amë Gigabyte B760M GAMING X DDR4 LGA 1700 micro ATX,"9,290 MKD.",https://gjirafa50.mk/pllake-ame-gigabyte-b760m-gaming-x-ddr4-lga-1700-micro-atx-2,,Motherboard,Gjirafa50
Матична плоча GIGABYTE A520 AORUS ELITE - AMD A520,"6,690 MKD.",https://gjirafa50.mk/pllake-ame-gigabyte-a520-aorus-elite-rev-10-2,,Motherboard,Gjirafa50
Матична плоча MSI MAG Z790 TOMAHAWK MAX WIFI - Intel Z790,"21,390 MKD.",https://gjirafa50.mk/pllake-ame-msi-mag-z790-tomahawk-max-wifi-atx-2,,Motherboard,Gjirafa50
Матична плоча ASUS PRIME B550-PLUS AMD B550 Socket AM4 ATX,"8,190 MKD.",https://gjirafa50.mk/pllake-ame-asus-prime-b550-plus-amd-b550-socket-am4-atx,,Motherboard,Gjirafa50
Матична плоча MSI PRO Z690-A - Intel Z690,"14,390 MKD.",https://gjirafa50.mk/matichna-plocha-msi-pro-z690-a-intel-z690br-,,Motherboard,Gjirafa50
Матична плоча Gigabyte B650 EAGLE AX,"11,990 MKD.",https://gjirafa50.mk/pllake-ame-gigabyte-b650-eagle-ax-2,,Motherboard,Gjirafa50
матична плоча Gigabyte B850 GAMING WIFI6,"14,290 MKD.",https://gjirafa50.mk/matichna-plocha-gigabyte-b850-gaming-wifi6,,Motherboard,Gjirafa50
"MSI MPG B550 GAMING PLUS матична плоча, 128 GB, DDR4, црна","10,890 MKD.",https://gjirafa50.mk/msi-mpg-b550-gaming-plus-matichna-plocha-128-gb-ddr4-crna,,Motherboard,Gjirafa50
Матична плоча ASUS ROG STRIX X670E-F GAMING WIFI - AMD X670,"29,190 MKD.",https://gjirafa50.mk/pllake-ame-asus-rog-strix-x670e-f-gaming-wifi-amd-x670-3,,Motherboard,Gjirafa50
Матична плоча ASUS ROG STRIX Z790-A GAMING WIFI D4 (DDR4) - Intel Z790,"23,790 MKD.",https://gjirafa50.mk/pllake-ame-asus-rog-strix-z790-a-gaming-wifi-d4-ddr4-intel-z790-3,,Motherboard,Gjirafa50
Матична плоча MSI MAG Z790 TOMAHAWK WIFI - Intel Z790,"17,590 MKD.",https://gjirafa50.mk/pllake-ame-msi-mag-z790-tomahawk-wifi-intel-z790-3,,Motherboard,Gjirafa50
Pllakë amë ASUS TUF GAMING B450M-PLUS II - AMD B450,"8,390 MKD.",https://gjirafa50.mk/pllake-ame-asus-tuf-gaming-b450m-plus-ii-amd-b450-3,,Motherboard,Gjirafa50
Матична плоча MSI B550-A PRO,"10,390 MKD.",https://gjirafa50.mk/pllake-ame-msi-b550-a-pro-amd-b550-3,,Motherboard,Gjirafa50
Pllakë amë MSI PRO Z790-P - Intel Z790,"16,390 MKD.",https://gjirafa50.mk/pllake-ame-msi-pro-z790-p-intel-z790-3,,Motherboard,Gjirafa50
Pllakë amë MSI B550M PRO-VDH WIFI - AMD B550,"8,390 MKD.",https://gjirafa50.mk/pllake-ame-msi-b550m-pro-vdh-wifi-amd-b550-3,,Motherboard,Gjirafa50
Матична плоча GIGABYTE B650M GAMING X AX - AMD B650,"12,390 MKD.",https://gjirafa50.mk/pllake-ame-gigabyte-b650m-gaming-x-ax-amd-b650-3,,Motherboard,Gjirafa50
Матична плоча GIGABYTE Z790 Aorus Elite AX - Intel Z790,"17,290 MKD.",https://gjirafa50.mk/pllake-ame-gigabyte-z790-aorus-elite-ax-intel-z790-3,,Motherboard,Gjirafa50
Pllakë amë ASUS PRIME H610M-K D4 (DDR4) - Intel H610,"6,990 MKD.",https://gjirafa50.mk/pllake-ame-asus-prime-h610m-k-d4-ddr4-intel-h610-3,,Motherboard,Gjirafa50
Pllakë amë Gigabyte H410M H V2 Intel H410 LGA 1200 micro ATX,"5,790 MKD.",https://gjirafa50.mk/pllake-ame-gigabyte-h410m-h-v2-intel-h410-lga-1200-micro-atx-4,,Motherboard,Gjirafa50
Pllakë amë GIGABYTE H610I DDR4 - Intel H610,"8,890 MKD.",https://gjirafa50.mk/pllake-ame-gigabyte-h610i-ddr4-intel-h610-3,,Motherboard,Gjirafa50
Pllakë amë Asrock B550M-HDV,"7,590 MKD.",https://gjirafa50.mk/pllake-ame-asrock-b550m-hdv-3,,Motherboard,Gjirafa50
Матична плоча ASRock B760 PRO RS - Intel B760,"10,290 MKD.",https://gjirafa50.mk/pllake-ame-asrock-b760-pro-rs-intel-b760-3,,Motherboard,Gjirafa50
Матична плоча ASUS ROG STRIX B650E-F GAMING WIFI - AMD B650,"21,490 MKD.",https://gjirafa50.mk/pllake-ame-asus-rog-strix-b650e-f-gaming-wifi-amd-b650-3,,Motherboard,Gjirafa50
Матична плоча GIGABYTE Z790 Aorus Master - Intel Z790,"33,890 MKD.",https://gjirafa50.mk/pllake-ame-gigabyte-z790-aorus-master-intel-z790-3,,Motherboard,Gjirafa50
Матична плоча ASUS ROG STRIX Z790-I GAMING WIFI - Intel Z790,"31,790 MKD.",https://gjirafa50.mk/pllake-ame-asus-rog-strix-z790-i-gaming-wifi-intel-z790-3,,Motherboard,Gjirafa50
Матична плоча ASRock B550M PRO4,"9,490 MKD.",https://gjirafa50.mk/pllake-ame-asrock-b550m-pro4,,Motherboard,Gjirafa50
Матична плоча ASUS ROG Crosshair X870E Hero,"50,190 MKD.",https://gjirafa50.mk/pllake-ame-asus-rog-crosshair-x870e-hero,,Motherboard,Gjirafa50
"Матична плоча Asus PRIME B450M-K II, AMD B450","7,390 MKD.",https://gjirafa50.mk/pllake-ame-asus-prime-b450m-k-ii-amd-b450-3,,Motherboard,Gjirafa50
Матична плоча MSI A520M-A PRO,"3,990 MKD.",https://gjirafa50.mk/pllake-ame-msi-a520m-a-pro,,Motherboard,Gjirafa50
Матична плоча Gigabyte X870E AORUS PRO ICE,"29,390 MKD.",https://gjirafa50.mk/pllake-ame-gigabyte-x870e-aorus-pro-ice,,Motherboard,Gjirafa50
Матична плоча ASUS TUF GAMING Z790-BTF WIFI,"24,790 MKD.",https://gjirafa50.mk/matichna-plocha-asus-tuf-gaming-z790-btf-wifi,,Motherboard,Gjirafa50
Матична плоча ASRock B650 PRO RS,"13,090 MKD.",https://gjirafa50.mk/matichna-plocha-asrock-b650-pro-rs,,Motherboard,Gjirafa50
MSI B650M GAMING PLUS WIFI матична плоча,"12,390 MKD.",https://gjirafa50.mk/pllake-ame-msi-b650m-gaming-plus-wifi,,Motherboard,Gjirafa50
Матична плоча ASRock A620M-HDV/M.2,"7,390 MKD.",https://gjirafa50.mk/pllake-ame-asrock-a620m-hdvm2,,Motherboard,Gjirafa50
Матична плоча MSI PRO B650M-P - AMD B650,"9,890 MKD.",https://gjirafa50.mk/pllake-ame-msi-pro-b650m-p-4,,Motherboard,Gjirafa50
"Матична плоча Gigabyte B550I Mini ITX, AMD B550","15,190 MKD.",https://gjirafa50.mk/pllake-ame-gigabyte-b550i-mini-itx-amd-b550,,Motherboard,Gjirafa50
Матична плоча ASUS ROG STRIX B650-A GAMING WIFI - AMD B650,"16,290 MKD.",https://gjirafa50.mk/matichna-plocha-asus-rog-strix-b650-a-gaming-wifi-amd-b650,,Motherboard,Gjirafa50
Матична плоча ASUS PRIME H510M-K R2.0 Intel H510 LGA 1200 (Socket H5) micro ATX,"5,490 MKD.",https://gjirafa50.mk/pllake-ame-asus-prime-h510m-k-r20-intel-h510-lga-1200-socket-h5-micro-atx,,Motherboard,Gjirafa50
Матична плоча ASUS TUF Gaming B760-Plus WiFi Intel B760 LGA 1700 ATX,"11,690 MKD.",https://gjirafa50.mk/pllake-ame-asus-tuf-gaming-b760-plus-wifi-intel-b760-lga-1700-atx,,Motherboard,Gjirafa50
Матична плоча ASUS TUF Gaming B760M-PLUS WiFi II Intel B760 LGA 1700 micro ATX,"14,090 MKD.",https://gjirafa50.mk/pllake-ame-asus-tuf-gaming-b760m-plus-wifi-ii-intel-b760-lga-1700-micro-atx,,Motherboard,Gjirafa50
Матична плоча ASUS TUF Gaming B760M-PLUS II Intel B760 LGA 1700 micro ATX,"13,090 MKD.",https://gjirafa50.mk/pllake-ame-asus-tuf-gaming-b760m-plus-ii-intel-b760-lga-1700-micro-atx,,Motherboard,Gjirafa50
Матична плоча ASUS PRIME B760M-PLUS Intel B760 LGA 1700 micro ATX,"11,790 MKD.",https://gjirafa50.mk/pllake-ame-asus-prime-b760m-plus-intel-b760-lga-1700-micro-atx,,Motherboard,Gjirafa50
Матична плоча ASUS PRIME B760M-A D4-CSM Intel B760 LGA 1700 micro ATX,"9,690 MKD.",https://gjirafa50.mk/pllake-ame-asus-prime-b760m-a-d4-csm-intel-b760-lga-1700-micro-atx,,Motherboard,Gjirafa50
Матична плоча ASUS ROG STRIX Z790-A Gaming WiFi II Intel Z790 LGA 1700 ATX,"27,290 MKD.",https://gjirafa50.mk/pllake-ame-asus-rog-strix-z790-a-gaming-wifi-ii-intel-z790-lga-1700-atx,,Motherboard,Gjirafa50
Матична плоча ASUS TUF Gaming Z790-PLUS WiFi Intel Z790 LGA 1700 ATX,"19,890 MKD.",https://gjirafa50.mk/pllake-ame-asus-tuf-gaming-z790-plus-wifi-intel-z790-lga-1700-atx,,Motherboard,Gjirafa50
Матична плоча ASUS PRIME H610M-R D4 Intel H610 LGA 1700 micro ATX,"5,590 MKD.",https://gjirafa50.mk/pllake-ame-asus-prime-h610m-r-d4-intel-h610-lga-1700-micro-atx,,Motherboard,Gjirafa50
Матична плоча ASUS ROG STRIX B760-I Gaming WiFi Intel B760 LGA 1700 mini ITX,"14,990 MKD.",https://gjirafa50.mk/pllake-ame-asus-rog-strix-b760-i-gaming-wifi-intel-b760-lga-1700-mini-itx,,Motherboard,Gjirafa50
Матична плоча ASUS PRIME B760M-A WiFi D4 Intel B760 LGA 1700 micro ATX,"9,390 MKD.",https://gjirafa50.mk/pllake-ame-asus-prime-b760m-a-wifi-d4-intel-b760-lga-1700-micro-atx,,Motherboard,Gjirafa50
Матична плоча ASUS PRIME B760-PLUS D4 Intel B760 LGA 1700 ATX,"9,290 MKD.",https://gjirafa50.mk/pllake-ame-asus-prime-b760-plus-d4-intel-b760-lga-1700-atx,,Motherboard,Gjirafa50
Матична плоча ASUS TUF Gaming B760-PLUS WiFi D4 Intel B760 LGA 1700 ATX,"11,490 MKD.",https://gjirafa50.mk/pllake-ame-asus-tuf-gaming-b760-plus-wifi-d4-intel-b760-lga-1700-atx,,Motherboard,Gjirafa50
Матична плоча ASUS ROG STRIX B760-F Gaming WiFi Intel B760 LGA 1700 ATX,"18,590 MKD.",https://gjirafa50.mk/pllake-ame-asus-rog-strix-b760-f-gaming-wifi-intel-b760-lga-1700-atx,,Motherboard,Gjirafa50
Матична плоча ASUS TUF Gaming H770-PRO WiFi Intel H770 LGA 1700 ATX,"16,490 MKD.",https://gjirafa50.mk/pllake-ame-asus-tuf-gaming-h770-pro-wifi-intel-h770-lga-1700-atx,,Motherboard,Gjirafa50
Матична плоча ASUS PRIME H610M-A D4-CSM Intel H610 LGA 1700 micro ATX,"8,790 MKD.",https://gjirafa50.mk/pllake-ame-asus-prime-h610m-a-d4-csm-intel-h610-lga-1700-micro-atx,,Motherboard,Gjirafa50
Матична плоча ASUS PRIME H610M-K D4 Intel H610 LGA 1700 micro ATX,"5,790 MKD.",https://gjirafa50.mk/pllake-ame-asus-prime-h610m-k-d4-intel-h610-lga-1700-micro-atx,,Motherboard,Gjirafa50
Матична плоча ASUS PRIME B660M-A WiFi D4 Intel B660 LGA 1700 micro ATX,"8,990 MKD.",https://gjirafa50.mk/pllake-ame-asus-prime-b660m-a-wifi-d4-intel-b660-lga-1700-micro-atx,,Motherboard,Gjirafa50
Матична плоча ASRock B760I Lightning WiFi,"13,790 MKD.",https://gjirafa50.mk/pllake-ame-asrock-b760i-lightning-wifi,,Motherboard,Gjirafa50
Матична плоча ASRock Z790I Lightning WiFi,"18,990 MKD.",https://gjirafa50.mk/pllake-ame-asrock-z790i-lightning-wifi,,Motherboard,Gjirafa50
Матична плоча ASUS TUF Gaming B550-PLUS WiFi II AMD B550 Socket AM4 ATX,"10,290 MKD.",https://gjirafa50.mk/pllake-ame-asus-tuf-gaming-b550-plus-wifi-ii-amd-b550-socket-am4-atx,,Motherboard,Gjirafa50
Матична плоча Asrock B760M Steel Legend WiFi Intel B760 LGA 1700 micro ATX,"11,690 MKD.",https://gjirafa50.mk/pllake-ame-asrock-b760m-steel-legend-wifi-intel-b760-lga-1700-micro-atx,,Motherboard,Gjirafa50
Матична плоча ASUS PRIME B550M-A WiFi II AMD B550 Socket AM4 micro ATX,"7,890 MKD.",https://gjirafa50.mk/pllake-ame-asus-prime-b550m-a-wifi-ii-amd-b550-socket-am4-micro-atx,,Motherboard,Gjirafa50
Матична плоча Asrock Z790M-ITX WiFi Intel Z790 LGA 1700 mini ITX,"14,490 MKD.",https://gjirafa50.mk/pllake-ame-asrock-z790m-itx-wifi-intel-z790-lga-1700-mini-itx,,Motherboard,Gjirafa50
Матична плоча Asrock Z790M PG Lightning/D4 Intel Z790 LGA 1700 micro ATX,"12,790 MKD.",https://gjirafa50.mk/pllake-ame-asrock-z790m-pg-lightningd4-intel-z790-lga-1700-micro-atx,,Motherboard,Gjirafa50
Матична плоча Asrock Z790 Steel Legend WiFi Intel Z790 LGA 1700 ATX,"18,290 MKD.",https://gjirafa50.mk/pllake-ame-asrock-z790-steel-legend-wifi-intel-z790-lga-1700-atx,,Motherboard,Gjirafa50
Матична плоча Asrock B650M Pro RS AMD B650 Socket AM5 micro ATX,"11,390 MKD.",https://gjirafa50.mk/pllake-ame-asrock-b650m-pro-rs-amd-b650-socket-am5-micro-atx,,Motherboard,Gjirafa50
Матична плоча Asrock B650M PG Lightning AMD B650 Socket AM5 micro ATX,"9,790 MKD.",https://gjirafa50.mk/pllake-ame-asrock-b650m-pg-lightning-amd-b650-socket-am5-micro-atx,,Motherboard,Gjirafa50
Матична плоча ASRock B650M-H/M.2+,"8,290 MKD.",https://gjirafa50.mk/pllake-ame-asrock-b650m-hm2,,Motherboard,Gjirafa50
Матична плоча Asrock B650M PG Riptide AMD B650 Socket AM5 micro ATX,"13,090 MKD.",https://gjirafa50.mk/pllake-ame-asrock-b650m-pg-riptide-amd-b650-socket-am5-micro-atx,,Motherboard,Gjirafa50
Матична плоча Asrock B550M Phantom Gaming 4 Socket AM4 micro ATX AMD B550,"6,890 MKD.",https://gjirafa50.mk/pllake-ame-asrock-b550m-phantom-gaming-4-socket-am4-micro-atx-amdb550,,Motherboard,Gjirafa50
Матична плоча ASUS PRIME B650M-A WiFi II AMD B650 Socket AM5 micro ATX,"10,890 MKD.",https://gjirafa50.mk/pllake-ame-asus-prime-b650m-a-wifi-ii-amd-b650-socket-am5-micro-atx,,Motherboard,Gjirafa50
Матична плоча ASUS PRIME A620M-K AMD A620 Socket AM5 micro ATX,"8,490 MKD.",https://gjirafa50.mk/pllake-ame-asus-prime-a620m-k-amd-a620-socket-am5-micro-atx,,Motherboard,Gjirafa50
Матична плоча ASUS TUF Gaming A620M-PLUS WiFi AMD A620 Socket AM5 micro ATX,"10,690 MKD.",https://gjirafa50.mk/pllake-ame-asus-tuf-gaming-a620m-plus-wifi-amd-a620-socket-am5-micro-atx,,Motherboard,Gjirafa50
Матична плоча ASUS PRIME A620M-A-CSM AMD A620 Socket AM5 micro ATX,"10,390 MKD.",https://gjirafa50.mk/pllake-ame-asus-prime-a620m-a-csm-amd-a620-socket-am5-micro-atx,,Motherboard,Gjirafa50
Матична плоча ASUS PRIME B650-PLUS AMD B650 Socket AM5 ATX,"11,190 MKD.",https://gjirafa50.mk/pllake-ame-asus-prime-b650-plus-amd-b650-socket-am5-atx,,Motherboard,Gjirafa50
Матична плоча ASUS TUF Gaming B650M-PLUS WiFi AMD B650 Socket AM5 micro ATX,"11,890 MKD.",https://gjirafa50.mk/pllake-ame-asus-tuf-gaming-b650m-plus-wifi-amd-b650-socket-am5-micro-atx,,Motherboard,Gjirafa50
Матична плоча ASUS TUF Gaming B650-PLUS AMD B650 Socket AM5 ATX,"14,190 MKD.",https://gjirafa50.mk/pllake-ame-asus-tuf-gaming-b650-plus-amd-b650-socket-am5-atx,,Motherboard,Gjirafa50
Матична плоча ASUS ROG STRIX B650E-I Gaming WiFi AMD B650 Socket AM5 mini ITX,"21,990 MKD.",https://gjirafa50.mk/pllake-ame-asus-rog-strix-b650e-i-gaming-wifi-amd-b650-socket-am5-mini-itx,,Motherboard,Gjirafa50
Матична плоча ASUS ROG STRIX B650-A Gaming WiFi AMD B650 Socket AM5 ATX,"15,890 MKD.",https://gjirafa50.mk/pllake-ame-asus-rog-strix-b650-a-gaming-wifi-amd-b650-socket-am5-atx,,Motherboard,Gjirafa50
Матична плоча ASUS PRIME X670-P WiFi AMD X670 Socket AM5 ATX,"20,490 MKD.",https://gjirafa50.mk/pllake-ame-asus-prime-x670-p-wifi-amd-x670-socket-am5-atx,,Motherboard,Gjirafa50
Матична плоча ASUS ROG STRIX X670E-F Gaming WiFi AMD X670 Socket AM5 ATX,"29,690 MKD.",https://gjirafa50.mk/pllake-ame-asus-rog-strix-x670e-f-gaming-wifi-amd-x670-socket-am5-atx,,Motherboard,Gjirafa50
Матична плоча ASUS TUF Gaming A520M-PLUS II AMD A520 Socket AM4 micro ATX,"6,890 MKD.",https://gjirafa50.mk/pllake-ame-asus-tuf-gaming-a520m-plus-ii-amd-a520-socket-am4-micro-atx,,Motherboard,Gjirafa50
Матична плоча ASUS TUF Gaming B450-PLUS II AMD B450 Socket AM4 ATX,"7,390 MKD.",https://gjirafa50.mk/pllake-ame-asus-tuf-gaming-b450-plus-ii-amd-b450-socket-am4-atx,,Motherboard,Gjirafa50
Матична плоча ASUS Prime B450M-K II AMD B450 Socket AM4 micro ATX,"5,490 MKD.",https://gjirafa50.mk/pllake-ame-asus-prime-b450m-k-ii-amd-b450-socket-am4-micro-atx,,Motherboard,Gjirafa50
Матична плоча ASUS TUF Gaming B550-PLUS Socket AM4 ATX AMD B550,"9,190 MKD.",https://gjirafa50.mk/pllake-ame-asus-tuf-gaming-b550-plus-socket-am4-atx-amd-b550,,Motherboard,Gjirafa50
Матична плоча Gigabyte B550 Gaming X V2 Socket AM4 ATX AMD B550,"7,690 MKD.",https://gjirafa50.mk/pllake-ame-gigabyte-b550-gaming-x-v2-socket-am4-atx-amdb550,,Motherboard,Gjirafa50
Матична плоча Gigabyte B550 AORUS ELITE AX V2 AMD B550 Socket AM4 ATX,"12,090 MKD.",https://gjirafa50.mk/pllake-ame-gigabyte-b550-aorus-elite-ax-v2-amd-b550-socket-am4-atx,,Motherboard,Gjirafa50
Матична плоча Gigabyte H510M S2H V3,"5,590 MKD.",https://gjirafa50.mk/pllake-ame-gigabyte-h510m-s2h-v3,,Motherboard,Gjirafa50
Матична плоча Gigabyte B760 DS3H,"10,290 MKD.",https://gjirafa50.mk/pllake-ame-gigabyte-b760-ds3h,,Motherboard,Gjirafa50
Матична плоча Gigabyte Z790 AORUS MASTER X,"36,590 MKD.",https://gjirafa50.mk/pllake-ame-gigabyte-z790-aorus-master-x,,Motherboard,Gjirafa50
Матична плоча Gigabyte B760 Gaming X AX,"11,490 MKD.",https://gjirafa50.mk/pllake-ame-gigabyte-b760-gaming-x-ax,,Motherboard,Gjirafa50
Матична плоча Gigabyte B760 DS3H DDR4,"9,890 MKD.",https://gjirafa50.mk/pllake-ame-gigabyte-b760-ds3h-ddr4,,Motherboard,Gjirafa50
Матична плоча Gigabyte B760 Gaming X,"10,690 MKD.",https://gjirafa50.mk/pllake-ame-gigabyte-b760-gaming-x-3,,Motherboard,Gjirafa50
Матична плоча Gigabyte B760 DS3H AX DDR4,"10,590 MKD.",https://gjirafa50.mk/pllake-ame-gigabyte-b760-ds3h-ax-ddr4,,Motherboard,Gjirafa50
Матична плоча Gigabyte B760M AORUS ELITE AX Intel B760 LGA 1700 micro ATX,"13,890 MKD.",https://gjirafa50.mk/pllake-ame-gigabyte-b760m-aorus-elite-ax-intel-b760-lga-1700-micro-atx,,Motherboard,Gjirafa50
Матична плоча Gigabyte B760 Gaming X DDR4 1.0,"9,490 MKD.",https://gjirafa50.mk/pllake-ame-gigabyte-b760-gaming-x-ddr4-10,,Motherboard,Gjirafa50
Матична плоча Gigabyte Z790 AORUS ELITE AX Intel Z790 LGA 1700 ATX,"18,790 MKD.",https://gjirafa50.mk/pllake-ame-gigabyte-z790-aorus-elite-ax-intel-z790-lga-1700-atx,,Motherboard,Gjirafa50
Pllakë amë Gigabyte B650 Gaming X AX V2,"12,390 MKD.",https://gjirafa50.mk/pllake-ame-gigabyte-b650-gaming-x-ax-v2,,Motherboard,Gjirafa50
Матична плоча Gigabyte B650 AORUS ELITE AX V2,"15,490 MKD.",https://gjirafa50.mk/pllake-ame-gigabyte-b650-aorus-elite-ax-v2,,Motherboard,Gjirafa50
Матична плоча Gigabyte B650 EAGLE AX,"12,290 MKD.",https://gjirafa50.mk/pllake-ame-gigabyte-b650-eagle-ax,,Motherboard,Gjirafa50
Матична плоча Gigabyte B650M S2H,"8,490 MKD.",https://gjirafa50.mk/matichna-plocha-gigabyte-b650m-s2h,,Motherboard,Gjirafa50
Матична плоча Gigabyte A520M DS3H V2 (rev. 1.0) Socket AM4 micro ATX,"5,890 MKD.",https://gjirafa50.mk/pllake-ame-gigabyte-a520m-ds3h-v2-rev-10-socket-am4-micro-atx,,Motherboard,Gjirafa50
Матична плоча Gigabyte A520I AC AMD A520 Socket AM4 mini ITX,"8,790 MKD.",https://gjirafa50.mk/pllake-ame-gigabyte-a520i-ac-amd-a520-socket-am4-mini-itx,,Motherboard,Gjirafa50
Матична плоча Gigabyte A520 AORUS ELITE Socket AM4 ATX AMD A520,"6,990 MKD.",https://gjirafa50.mk/pllake-ame-gigabyte-a520-aorus-elite-socket-am4-atx-amd-a520,,Motherboard,Gjirafa50
Матична плоча Gigabyte B550M DS3H Socket AM4 micro ATX AMD B550,"8,790 MKD.",https://gjirafa50.mk/pllake-ame-gigabyte-b550m-ds3h-socket-am4-micro-atx-amd-b550-3,,Motherboard,Gjirafa50
Матична плоча Gigabyte B550 AORUS ELITE V2 AMD B550 Socket AM4 ATX,"10,190 MKD.",https://gjirafa50.mk/pllake-ame-gigabyte-b550-aorus-elite-v2-amd-b550-socket-am4-atx,,Motherboard,Gjirafa50
Матична плоча Gigabyte B550M AORUS ELITE Socket AM4 micro ATX AMD B550,"7,990 MKD.",https://gjirafa50.mk/pllake-ame-gigabyte-b550m-aorus-elite-socket-am4-micro-atx-amd-b550,,Motherboard,Gjirafa50
Матична плоча MSI PRO B760-P DDR4 II Intel B760 LGA 1700 ATX,"10,190 MKD.",https://gjirafa50.mk/pllake-ame-msi-pro-b760-p-ddr4-ii-intel-b760-lga-1700-atx,,Motherboard,Gjirafa50
Матична плоча MSI B760M Gaming PLUS WiFi Intel B760 LGA 1700 micro ATX,"10,990 MKD.",https://gjirafa50.mk/pllake-ame-msi-b760m-gaming-plus-wifi-intel-b760-lga-1700-micro-atx,,Motherboard,Gjirafa50
Матична плоча MSI PRO B760-P WiFi DDR4 LGA 1700 ATX,"10,590 MKD.",https://gjirafa50.mk/pllake-ame-msi-pro-b760-p-wifi-ddr4-lga-1700-atx,,Motherboard,Gjirafa50
Матична плоча MSI B550M PRO-VDH WiFi AMD B550 Socket AM4 micro ATX,"8,090 MKD.",https://gjirafa50.mk/pllake-ame-msi-b550m-pro-vdh-wifi-amd-b550-socket-am4-micro-atx,,Motherboard,Gjirafa50
Матична плоча MSI X670E Gaming PLUS WiFi AMD X670 Socket AM5 ATX,"17,890 MKD.",https://gjirafa50.mk/pllake-ame-msi-x670e-gaming-plus-wifi-amd-x670-socket-am5-atx,,Motherboard,Gjirafa50
Матична плоча MSI MAG X670E TOMAHAWK WiFi AMD X670 Socket AM5 ATX,"20,390 MKD.",https://gjirafa50.mk/pllake-ame-msi-mag-x670e-tomahawk-wifi-amd-x670-socket-am5-atx,,Motherboard,Gjirafa50
Матична плоча MSI A520M PRO Socket AM4 micro ATX,"5,990 MKD.",https://gjirafa50.mk/pllake-ame-msi-a520m-pro-socket-am4-micro-atx,,Motherboard,Gjirafa50
Матична плоча MSI MAG B550 TOMAHAWK MAX WiFi AMD B550 Socket AM4 ATX,"11,990 MKD.",https://gjirafa50.mk/pllake-ame-msi-mag-b550-tomahawk-max-wifi-amd-b550-socket-am4-atx,,Motherboard,Gjirafa50
Матична плоча MSI MPG B550 Gaming Plus AMD B550 Socket AM4 ATX,"8,990 MKD.",https://gjirafa50.mk/pllake-ame-msi-mpg-b550-gaming-plus-amd-b550-socket-am4-atx,,Motherboard,Gjirafa50
Матична плоча Biostar H610MT-E Intel H610 LGA 1700 micro ATX,"6,190 MKD.",https://gjirafa50.mk/pllake-ame-biostar-h610mt-e-intel-h610-lga-1700-micro-atx,,Motherboard,Gjirafa50
Матична плоча BIOSTAR H610MH D5,"6,390 MKD.",https://gjirafa50.mk/pllake-ame-biostar-h610mh-d5,,Motherboard,Gjirafa50
Матична плоча Biostar B650MT AMD B650 Socket AM5 micro ATX,"7,290 MKD.",https://gjirafa50.mk/pllake-ame-biostar-b650mt-amd-b650-socket-am5-micro-atx,,Motherboard,Gjirafa50
Матична плоча Biostar H61MHV3 Intel H61 LGA 1155 (Socket H2) micro ATX,"5,590 MKD.",https://gjirafa50.mk/pllake-ame-biostar-h61mhv3-intel-h61-lga-1155-socket-h2-micro-atx,,Motherboard,Gjirafa50
Матична плоча BIOSTAR A520MT,"4,890 MKD.",https://gjirafa50.mk/pllake-ame-biostar-a520mt,,Motherboard,Gjirafa50
Матична плоча Biostar B550MX/E PRO AMD B550 Socket AM4 micro ATX,"6,890 MKD.",https://gjirafa50.mk/pllake-ame-biostar-b550mxe-pro-amd-b550-socket-am4-micro-atx,,Motherboard,Gjirafa50
Матична плоча Biostar H81MHV3 3.0 H81 Intel H81 LGA 1150 (Socket H3) micro ATX,"5,690 MKD.",https://gjirafa50.mk/pllake-ame-biostar-h81mhv3-30-h81-intel-h81-lga-1150-socket-h3-micro-atx,,Motherboard,Gjirafa50
Матична плоча ASUS PRIME B450-PLUS - AMD B450,"6,990 MKD.",https://gjirafa50.mk/pllake-ame-asus-prime-b450-plus-amd-b450,,Motherboard,Gjirafa50
ASRock B550 Phantom Gaming 4 - AMD B550 Матична плоча,"7,790 MKD.",https://gjirafa50.mk/pllake-ame-asrock-b550-phantom-gaming-4-amd-b550-2,,Motherboard,Gjirafa50
Pllakë amë Asrock B550M-HDV,"5,990 MKD.",https://gjirafa50.mk/pllake-ame-asrock-b550m-hdv-2,,Motherboard,Gjirafa50
Матична плоча ASUS TUF GAMING B550-PLUS - AMD B550,"10,390 MKD.",https://gjirafa50.mk/pllake-ame-asus-tuf-gaming-b550-plus-amd-b550-2,,Motherboard,Gjirafa50
Матична плоча ASUS TUF GAMING B550M-PLUS - AMD B550,"11,090 MKD.",https://gjirafa50.mk/pllake-ame-asus-tuf-gaming-b550m-plus-amd-b550-2,,Motherboard,Gjirafa50
Pllakë amë Asus PRIME B550-PLUS,"11,090 MKD.",https://gjirafa50.mk/pllake-ame-asus-prime-b550-plus-2,,Motherboard,Gjirafa50
Матична плоча ASUS PRIME B550M-A - AMD B550,"7,590 MKD.",https://gjirafa50.mk/pllake-ame-asus-prime-b550m-a-amd-b550-2,,Motherboard,Gjirafa50
Pllakë amë Gigabyte B550M DS3H Socket AM4 micro ATX - AMD B550,"7,390 MKD.",https://gjirafa50.mk/pllake-ame-gigabyte-b550m-ds3h-socket-am4-micro-atx-amd-b550-2,,Motherboard,Gjirafa50
Матична плоча GIGABYTE A520M S2H - AMD A520,"5,390 MKD.",https://gjirafa50.mk/pllake-ame-gigabyte-a520m-s2h-amd-a520-2,,Motherboard,Gjirafa50
MSI B550-A PRO - AMD B550 Матична плоча,"8,890 MKD.",https://gjirafa50.mk/pllake-ame-msi-b550-a-pro-amd-b550-2,,Motherboard,Gjirafa50
Матична плоча ASUS TUF GAMING B450M-PLUS II - AMD B450,"7,290 MKD.",https://gjirafa50.mk/pllake-ame-asus-tuf-gaming-b450m-plus-ii-amd-b450-2,,Motherboard,Gjirafa50
Матична плоча ASUS ROG STRIX B550-A GAMING - AMD B550,"10,690 MKD.",https://gjirafa50.mk/pllake-ame-asus-rog-strix-b550-a-gaming-amd-b550-2,,Motherboard,Gjirafa50
ASUS PRO WS WRX80E-SAGE SE WIFI - AMD WRX80,"71,790 MKD.",https://gjirafa50.mk/pllake-ame-asus-pro-ws-wrx80e-sage-se-wifi-amd-wrx80-2,,Motherboard,Gjirafa50
Матична плоча ASUS TUF GAMING B550-PLUS WIFI II - AMD B550,"11,190 MKD.",https://gjirafa50.mk/pllake-ame-asus-tuf-gaming-b550-plus-wifi-ii-amd-b550-2,,Motherboard,Gjirafa50
Матична плоча ASUS PRIME H610M-K D4 (DDR4) - Intel H610,"6,190 MKD.",https://gjirafa50.mk/pllake-ame-asus-prime-h610m-k-d4-ddr4-intel-h610-2,,Motherboard,Gjirafa50
Pllakë amë ASUS PRIME B660-PLUS D4 - Intel B660,"10,490 MKD.",https://gjirafa50.mk/pllake-ame-asus-prime-b660-plus-d4-intel-b660-2,,Motherboard,Gjirafa50
Матична плоча ASUS PRIME H610M-A WIFI D4 - Intel H610,"8,290 MKD.",https://gjirafa50.mk/pllake-ame-asus-prime-h610m-a-wifi-d4-intel-h610-2,,Motherboard,Gjirafa50
Матична плоча ASUS ROG STRIX X670E-F GAMING WIFI - AMD X670,"29,190 MKD.",https://gjirafa50.mk/pllake-ame-asus-rog-strix-x670e-f-gaming-wifi-amd-x670-2,,Motherboard,Gjirafa50
Pllakë amë Asus PRIME Z790-A WIFI,"20,890 MKD.",https://gjirafa50.mk/pllake-ame-asus-prime-z790-a-wifi-2,,Motherboard,Gjirafa50
Матична плоча GIGABYTE B650M GAMING X AX - AMD B650,"13,290 MKD.",https://gjirafa50.mk/pllake-ame-gigabyte-b650m-gaming-x-ax-amd-b650-2,,Motherboard,Gjirafa50
Матична плоча ASUS ROG STRIX B650E-F GAMING WIFI - AMD B650,"25,190 MKD.",https://gjirafa50.mk/pllake-ame-asus-rog-strix-b650e-f-gaming-wifi-amd-b650-2,,Motherboard,Gjirafa50
Матична плоча ASUS ROG STRIX B650-A GAMING WIFI - AMD B650,"16,390 MKD.",https://gjirafa50.mk/matichna-plocha-asus-rog-strix-b650-a-gaming-wifi-amd-b650-2,,Motherboard,Gjirafa50
Матична плоча ASUS TUF GAMING B650M-PLUS WIFI - AMD B650,"13,390 MKD.",https://gjirafa50.mk/pllake-ame-asus-tuf-gaming-b650m-plus-wifi-amd-b650-2,,Motherboard,Gjirafa50
Матична плоча ASUS TUF GAMING B650M-PLUS - AMD B650,"13,690 MKD.",https://gjirafa50.mk/pllake-ame-asus-tuf-gaming-b650m-plus-amd-b650-2,,Motherboard,Gjirafa50
Матична плоча ASUS PRIME B650-PLUS - AMD B650,"11,290 MKD.",https://gjirafa50.mk/pllake-ame-asus-prime-b650-plus-amd-b650-2,,Motherboard,Gjirafa50
Матична плоча ASUS TUF GAMING B760-PLUS WIFI D4 (DDR4) - Intel B760,"12,790 MKD.",https://gjirafa50.mk/pllake-ame-asus-tuf-gaming-b760-plus-wifi-d4-ddr4-intel-b760-2,,Motherboard,Gjirafa50
Матична плоча ASUS PRIME B760-PLUS D4 (DDR4) - Intel B760,"9,190 MKD.",https://gjirafa50.mk/pllake-ame-asus-prime-b760-plus-d4-ddr4-intel-b760-2,,Motherboard,Gjirafa50
Pllakë amë ASUS Prime B760M-K D4- Intel B760,"9,790 MKD.",https://gjirafa50.mk/pllake-ame-asus-prime-b760m-k-d4-intel-b760-2,,Motherboard,Gjirafa50
Матична плоча ASUS ROG STRIX B760-I GAMING WIFI - Intel B760,"16,590 MKD.",https://gjirafa50.mk/pllake-ame-asus-rog-strix-b760-i-gaming-wifi-intel-b760-2,,Motherboard,Gjirafa50
Матична плоча ASRock Z790 PG SONIC - Intel Z790,"18,290 MKD.",https://gjirafa50.mk/pllake-ame-asrock-z790-pg-sonic-intel-z790-2,,Motherboard,Gjirafa50
Матична плоча MSI MAG Z790 TOMAHAWK WIFI - Intel Z790,"19,190 MKD.",https://gjirafa50.mk/pllake-ame-msi-mag-z790-tomahawk-wifi-intel-z790-2,,Motherboard,Gjirafa50
Матична плоча GIGABYTE B760M AORUS ELITE AX - Intel B760,"12,890 MKD.",https://gjirafa50.mk/pllake-ame-gigabyte-b760m-aorus-elite-ax-intel-b760-2,,Motherboard,Gjirafa50
Матична плоча ASUS PRIME H610M-A D4 (DDR4) CSM - Intel H610,"7,990 MKD.",https://gjirafa50.mk/pllake-ame-asus-prime-h610m-a-d4-ddr4-csm-intel-h610-2,,Motherboard,Gjirafa50
Матична плоча MSI MAG B550 TOMAHAWK MAX WIFI - AMD B550,"12,490 MKD.",https://gjirafa50.mk/pllake-ame-msi-mag-b550-tomahawk-max-wifi-amd-b550-2,,Motherboard,Gjirafa50
Матична плоча ASRock B760 PRO RS - Intel B760,"10,790 MKD.",https://gjirafa50.mk/pllake-ame-asrock-b760-pro-rs-intel-b760-2,,Motherboard,Gjirafa50
Матична плоча GIGABYTE B760 GAMING X AX - Intel B760,"12,090 MKD.",https://gjirafa50.mk/pllake-ame-gigabyte-b760-gaming-x-ax-intel-b760-2,,Motherboard,Gjirafa50
Pllakë amë Gigabyte B760M - B760,"8,090 MKD.",https://gjirafa50.mk/pllake-ame-gigabyte-b760m-b760-2,,Motherboard,Gjirafa50
Матична плоча MSI PRO B760-P WIFI DDR4 - Intel B760,"10,590 MKD.",https://gjirafa50.mk/pllake-ame-msi-pro-b760-p-wifi-ddr4-intel-b760-2,,Motherboard,Gjirafa50
Pllakë amë Gigabyte B760M - Intel B760,"8,190 MKD.",https://gjirafa50.mk/pllake-ame-gigabyte-b760m-intel-b760-2,,Motherboard,Gjirafa50
Матична плоча MSI MAG B760 TOMAHAWK WIFI - Intel B760,"14,190 MKD.",https://gjirafa50.mk/pllake-ame-msi-mag-b760-tomahawk-wifi-intel-b760-2,,Motherboard,Gjirafa50
Pllakë amë Gigabyte B760 GAMING X,"12,590 MKD.",https://gjirafa50.mk/pllake-ame-gigabyte-b760-gaming-x-2,,Motherboard,Gjirafa50
Матична плоча ASUS PROART Z790-CREATOR WIFI - Intel Z790,"38,690 MKD.",https://gjirafa50.mk/pllake-ame-asus-proart-z790-creator-wifi-intel-z790-2,,Motherboard,Gjirafa50
Матична плоча ASUS PRIME B760M-A WIFI - Intel B760,"13,090 MKD.",https://gjirafa50.mk/pllake-ame-asus-prime-b760m-a-wifi-intel-b760-2,,Motherboard,Gjirafa50
Матична плоча GIGABYTE B550 AORUS ELITE AX V2 - AMD B550,"14,190 MKD.",https://gjirafa50.mk/pllake-ame-gigabyte-b550-aorus-elite-ax-v2-2,,Motherboard,Gjirafa50
Матична плоча GIGABYTE Z790 UD - Intel Z790,"15,390 MKD.",https://gjirafa50.mk/matichna-plocha-gigabyte-z790-ud-intel-z790-2,,Motherboard,Gjirafa50
Pllakë amë MSI MPG B650 EDGE WIFI - AMD B650,"20,790 MKD.",https://gjirafa50.mk/pllake-ame-msi-mpg-b650-edge-wifi-amd-b650-2,,Motherboard,Gjirafa50
Матична плоча ASRock B650M Pro RS - AMD B650,"11,090 MKD.",https://gjirafa50.mk/pllake-ame-asrock-b650m-pro-rs-amd-b650-2,,Motherboard,Gjirafa50
Матична плоча GIGABYTE Z790 AORUS ELITE DDR4 - Intel Z790,"14,890 MKD.",https://gjirafa50.mk/pllake-ame-gigabyte-z790-a-elite-lga1700-4xddr4-4xsata-4xm2-1xhdmi,,Motherboard,Gjirafa50
Pllakë amë Asus ROG STRIX Z790-F GAMING WIFI II,"33,590 MKD.",https://gjirafa50.mk/pllake-ame-asus-rog-strix-z790-f-gaming-wifi-ii,,Motherboard,Gjirafa50
Матична плоча ASUS ROG STRIX Z790-E GAMING WIFI II - Intel Z790,"40,190 MKD.",https://gjirafa50.mk/pllake-ame-asus-rog-strix-z790-e-gaming-wifi-ii,,Motherboard,Gjirafa50
Матична плоча Asus PRIME H510M-A,"7,990 MKD.",https://gjirafa50.mk/pllake-ame-asus-prime-h510m-a,,Motherboard,Gjirafa50
Матична плоча ASRock Z790M PG LIGHTNING/D4,"12,690 MKD.",https://gjirafa50.mk/pllake-ame-asrock-z790m-pg-lightningd4,,Motherboard,Gjirafa50
Матична плоча Asrock B550M-HDV Socket AM4 micro ATX AMD B550,"5,790 MKD.",https://gjirafa50.mk/pllake-ame-asrock-b550m-hdv,,Motherboard,Gjirafa50
Матична плоча ASUS PRIME B550M-A Socket AM4 micro ATX AMD B550,"7,790 MKD.",https://gjirafa50.mk/pllake-ame-asus-prime-b550m-a-socket-am4-micro-atx-amd-b550,,Motherboard,Gjirafa50
Матична плоча ASUS PRIME B660M-K D4 - Intel B660,"6,390 MKD.",https://gjirafa50.mk/pllake-ame-asus-prime-b660m-k-d4-intel-b660,,Motherboard,Gjirafa50
Матична плоча ASRock B650 PG LIGHTNING,"12,190 MKD.",https://gjirafa50.mk/pllake-ame-asrock-b650-pg-lightning,,Motherboard,Gjirafa50
Матична плоча Asrock A520M-HDV Socket AM4 micro ATX,"4,190 MKD.",https://gjirafa50.mk/pllake-ame-asrock-a520m-hdv-socket-am4-micro-atx,,Motherboard,Gjirafa50
Матична плоча MSI PRO Z790-S WIFI - Intel Z790,"13,590 MKD.",https://gjirafa50.mk/pllake-ame-msi-pro-z790-s-wifiatx,,Motherboard,Gjirafa50
Матична плоча MSI B650M Gaming PLUS WiFi AMD B650 Socket AM5 micro ATX,"11,490 MKD.",https://gjirafa50.mk/pllake-ame-msi-b650m-gaming-plus-wifi-amd-b650-socket-am5-micro-atx,,Motherboard,Gjirafa50
Pllakë amë GIGABYTE H510M S2H V3 - Intel H470,"5,290 MKD.",https://gjirafa50.mk/pllake-ame-gigabyte-h510m-s2h-v3-intel-h470-2,,Motherboard,Gjirafa50
Pllakë amë MSI PRO H610M-E DDR4 - Intel H610,"5,190 MKD.",https://gjirafa50.mk/pllake-ame-msi-pro-h610m-e-ddr4-intel-h610-2,,Motherboard,Gjirafa50
Матична плоча ASUS ROG MAXIMUS Z790 DARK HERO - Intel Z790,"48,390 MKD.",https://gjirafa50.mk/pllake-ame-asus-rog-maximus-z790-dark-hero-2,,Motherboard,Gjirafa50
Матична плоча MSI PRO B650M-P - AMD B650,"9,690 MKD.",https://gjirafa50.mk/pllake-ame-msi-pro-b650m-p-3,,Motherboard,Gjirafa50
Pllakë amë MSI PRO Z790-P - Intel Z790,"15,790 MKD.",https://gjirafa50.mk/pllake-ame-msi-pro-z790-p-intel-z790-2,,Motherboard,Gjirafa50
Матична плоча Gigabyte X670 AORUS ELITE AX,"15,390 MKD.",https://gjirafa50.mk/pllake-ame-gigabyte-x670-aorus-elite-ax,,Motherboard,Gjirafa50
Матична плоча ASRock B760M-H2/M.2,"7,290 MKD.",https://gjirafa50.mk/pllake-ame-asrock-b760m-h2m2-2,,Motherboard,Gjirafa50
ASRock X870E Nova WiFi матична плоча,"27,290 MKD.",https://gjirafa50.mk/pllake-ame-asrock-x870e-nova-wifi,,Motherboard,Gjirafa50
GIGABYTE B650 AORUS ELITE AX ICE матична плоча,"18,290 MKD.",https://gjirafa50.mk/pllake-ame-gigabyte-b650-aorus-elite-ax-ice-2,,Motherboard,Gjirafa50
Pllaka amë MSI A520M-A PRO,"4,790 MKD.",https://gjirafa50.mk/pllaka-ame-msi-a520m-a-pro,,Motherboard,Gjirafa50
Maтична плоча ASUS PRO WS WRX80E-SAGE SE WIFI II - AMD WRX80,"74,990 MKD.",https://gjirafa50.mk/pllake-ame-asus-pro-ws-wrx80e-sage-se-wifi-ii-amd-wrx80,,Motherboard,Gjirafa50
Матична плоча ASUS ROG STRIX Z790-E Gaming WiFi II,"37,890 MKD.",https://gjirafa50.mk/pllake-ame-asus-rog-strix-z790-e-gaming-wifi-ii-2,,Motherboard,Gjirafa50
Матична плоча ASUS ROG MAXIMUS Z790 APEX ENCORE Intel Z790 LGA 1700 ATX,"51,490 MKD.",https://gjirafa50.mk/pllake-ame-asus-rog-maximus-z790-apex-encore-intel-z790-lga-1700-atx,,Motherboard,Gjirafa50
Матична плоча ASUS ROG MAXIMUS Z790 DARK HERO Intel Z790 LGA 1700 ATX,"48,990 MKD.",https://gjirafa50.mk/pllake-ame-asus-rog-maximus-z790-dark-hero-intel-z790-lga-1700-atx,,Motherboard,Gjirafa50
Матична плоча ASUS PRO Q670M-C-CSM Intel Q670 LGA 1700 micro ATX,"16,590 MKD.",https://gjirafa50.mk/pllake-ame-asus-pro-q670m-c-csm-intel-q670-lga-1700-micro-atx,,Motherboard,Gjirafa50
Матична плоча ASUS PRO H610M-C D4-CSM Intel H610 LGA 1700 micro ATX,"9,090 MKD.",https://gjirafa50.mk/pllake-ame-asus-pro-h610m-c-d4-csm-intel-h610-lga-1700-micro-atx,,Motherboard,Gjirafa50
Матична плоча ASUS PRIME Z790-P Intel Z790 LGA 1700 ATX,"15,790 MKD.",https://gjirafa50.mk/pllake-ame-asus-prime-z790-p-intel-z790-lga-1700-atx,,Motherboard,Gjirafa50
Матична плоча ASUS ROG STRIX Z790-I Gaming WiFi Intel Z790 LGA 1700 mini ITX,"31,890 MKD.",https://gjirafa50.mk/pllake-ame-asus-rog-strix-z790-i-gaming-wifi-intel-z790-lga-1700-mini-itx,,Motherboard,Gjirafa50
Матична плоча ASUS ROG STRIX Z790-A Gaming WiFi D4 Intel Z790 LGA 1700 ATX,"24,090 MKD.",https://gjirafa50.mk/pllake-ame-asus-rog-strix-z790-a-gaming-wifi-d4-intel-z790-lga-1700-atx,,Motherboard,Gjirafa50
Матична плоча ASUS TUF Gaming B650-E WiFi AMD B650 Socket AM5 ATX,"12,790 MKD.",https://gjirafa50.mk/pllake-ame-asus-tuf-gaming-b650-e-wifi-amd-b650-socket-am5-atx,,Motherboard,Gjirafa50
Матична плоча ASRock H510M-H2/M.2 SE,"5,290 MKD.",https://gjirafa50.mk/pllake-ame-asrock-h510m-h2m2-se,,Motherboard,Gjirafa50
Матична плоча Asrock H510M-HDV/M.2 SE,"5,390 MKD.",https://gjirafa50.mk/pllake-ame-asrock-h510m-hdvm2-se,,Motherboard,Gjirafa50
Матична плоча ASRock B760M-H2/M.2,"7,790 MKD.",https://gjirafa50.mk/matichna-plocha-asrock-b760m-h2m2,,Motherboard,Gjirafa50
Матична плоча Asrock Z790 Riptide WiFi Intel Z790 LGA 1700 ATX,"17,690 MKD.",https://gjirafa50.mk/pllake-ame-asrock-z790-riptide-wifi-intel-z790-lga-1700-atx,,Motherboard,Gjirafa50
Матична плоча Asrock Z790 Nova WiFi Intel Z790 LGA 1700 ATX,"22,890 MKD.",https://gjirafa50.mk/pllake-ame-asrock-z790-nova-wifi-intel-z790-lga-1700-atx,,Motherboard,Gjirafa50
Матична плоча Asrock Z790 Taichi Intel Z790 LGA 1700 Extended ATX,"28,590 MKD.",https://gjirafa50.mk/pllake-ame-asrock-z790-taichi-intel-z790-lga-1700-extended-atx-2,,Motherboard,Gjirafa50
Матична плоча Asrock B760M PG Riptide Intel B760 LGA 1700 micro ATX,"10,590 MKD.",https://gjirafa50.mk/pllake-ame-asrock-b760m-pg-riptide-intel-b760-lga-1700-micro-atx,,Motherboard,Gjirafa50
Матична плоча Asrock B760M-HDV/M.2 D4 Intel B760 LGA 1700 micro ATX,"7,090 MKD.",https://gjirafa50.mk/pllake-ame-asrock-b760m-hdvm2-d4-intel-b760-lga-1700-micro-atx,,Motherboard,Gjirafa50
Матична плоча Asrock B760M PG SONIC WiFi Intel B760 LGA 1700 micro ATX,"10,790 MKD.",https://gjirafa50.mk/pllake-ame-asrock-b760m-pg-sonic-wifi-intel-b760-lga-1700-micro-atx,,Motherboard,Gjirafa50
Матична плоча Asrock B760 Pro RS/D4 Intel B760 LGA 1700 ATX,"9,790 MKD.",https://gjirafa50.mk/pllake-ame-asrock-b760-pro-rsd4-intel-b760-lga-1700-atx,,Motherboard,Gjirafa50
Матична плоча Asrock Z790 PG Lightning Intel Z790 LGA 1700 ATX,"13,790 MKD.",https://gjirafa50.mk/pllake-ame-asrock-z790-pg-lightning-intel-z790-lga-1700-atx,,Motherboard,Gjirafa50
Матична плоча Asrock Z790 Pro RS Intel Z790 LGA 1700 ATX,"15,690 MKD.",https://gjirafa50.mk/pllake-ame-asrock-z790-pro-rs-intel-z790-lga-1700-atx,,Motherboard,Gjirafa50
Матична плоча Asrock Z790 PG SONIC Intel Z790 LGA 1700 ATX,"18,990 MKD.",https://gjirafa50.mk/pllake-ame-asrock-z790-pg-sonic-intel-z790-lga-1700-atx,,Motherboard,Gjirafa50
Матична плоча Asrock Z790 PG Riptide Intel Z790 LGA 1700 ATX,"17,390 MKD.",https://gjirafa50.mk/pllake-ame-asrock-z790-pg-riptide-intel-z790-lga-1700-atx,,Motherboard,Gjirafa50
Матична плоча Asrock Z790 LiveMixer Intel Z790 LGA 1700 ATX,"18,490 MKD.",https://gjirafa50.mk/pllake-ame-asrock-z790-livemixer-intel-z790-lga-1700-atx,,Motherboard,Gjirafa50
Матична плоча Asrock H670M Pro RS Intel H670 LGA 1700 micro ATX,"9,090 MKD.",https://gjirafa50.mk/pllake-ame-asrock-h670m-pro-rs-intel-h670-lga-1700-micro-atx,,Motherboard,Gjirafa50
Матична плоча Asrock H310CM-DVS Intel H310 LGA 1151 (Socket H4) micro ATX,"4,290 MKD.",https://gjirafa50.mk/pllake-ame-asrock-h310cm-dvs-intel-h310-lga-1151-socket-h4-micro-atx,,Motherboard,Gjirafa50
Матична плоча Asrock A620I Lightning WiFi,"11,090 MKD.",https://gjirafa50.mk/pllake-ame-asrock-a620i-lightning-wifi,,Motherboard,Gjirafa50
Матична плоча Asrock A620M-HDV/M.2 AMD A620 Socket AM5 micro ATX,"7,590 MKD.",https://gjirafa50.mk/pllake-ame-asrock-a620m-hdvm2-amd-a620-socket-am5-micro-atx-2,,Motherboard,Gjirafa50
Матична плоча Asrock A620M-HDV/M.2+ AMD A620 Socket AM5 micro ATX,"7,890 MKD.",https://gjirafa50.mk/pllake-ame-asrock-a620m-hdvm2-amd-a620-socket-am5-micro-atx,,Motherboard,Gjirafa50
Матична плоча Asrock B450M Pro4 R2.0 AMD B450 Socket AM4 micro ATX,"6,090 MKD.",https://gjirafa50.mk/pllake-ame-asrock-b450m-pro4-r20-amd-b450-socket-am4-micro-atx,,Motherboard,Gjirafa50
Матична плоча Asrock B650E PG-ITX WiFi AMD B650 Socket AM5 mini ITX,"18,490 MKD.",https://gjirafa50.mk/pllake-ame-asrock-b650e-pg-itx-wifi-amd-b650-socket-am5-mini-itx,,Motherboard,Gjirafa50
Матична плоча Asrock B650 Pro RS AMD B650 Socket AM5 ATX,"13,690 MKD.",https://gjirafa50.mk/pllake-ame-asrock-b650-pro-rs-amd-b650-socket-am5-atx,,Motherboard,Gjirafa50
Матична плоча ASUS ProArt X670E-CREATOR WiFi AMD X670 Socket AM5 ATX,"35,590 MKD.",https://gjirafa50.mk/pllake-ame-asus-proart-x670e-creator-wifi-amd-x670-socket-am5-atx,,Motherboard,Gjirafa50
Матична плоча Asrock B450 Pro4 R2.0 Socket AM4 ATX AMD B450,"6,790 MKD.",https://gjirafa50.mk/pllake-ame-asrock-b450-pro4-r20-socket-am4-atx-amd-b450,,Motherboard,Gjirafa50
Матична плоча ASUS PRIME X670E-PRO WiFi AMD X670 Socket AM5 ATX,"25,190 MKD.",https://gjirafa50.mk/pllake-ame-asus-prime-x670e-pro-wifi-amd-x670-socket-am5-atx,,Motherboard,Gjirafa50
Матична плоча Asrock B550M-ITX/ac Socket AM4 mini ITX AMD B550,"10,390 MKD.",https://gjirafa50.mk/pllake-ame-asrock-b550m-itxac-socket-am4-mini-itx-amdb550,,Motherboard,Gjirafa50
Матична плоча ASUS ROG STRIX X670E-A Gaming WiFi AMD X670 Socket AM5 ATX,"29,890 MKD.",https://gjirafa50.mk/pllake-ame-asus-rog-strix-x670e-a-gaming-wifi-amd-x670-socket-am5-atx,,Motherboard,Gjirafa50
Матична плоча ASUS ROG STRIX X670E-E Gaming WiFi AMD X670 Socket AM5 ATX,"37,190 MKD.",https://gjirafa50.mk/pllake-ame-asus-rog-strix-x670e-e-gaming-wifi-amd-x670-socket-am5-atx,,Motherboard,Gjirafa50
Матична плоча Asrock WRX90 WS EVO AMD WRX90 Socket sTR5 EEB,"72,190 MKD.",https://gjirafa50.mk/pllake-ame-asrock-wrx90-ws-evo-amd-wrx90-socket-str5-eeb,,Motherboard,Gjirafa50
Матична плоча Asrock A520M Pro4 Socket AM4 micro ATX,"6,490 MKD.",https://gjirafa50.mk/pllake-ame-asrock-a520m-pro4-socket-am4-micro-atx,,Motherboard,Gjirafa50
Матична плоча Asrock B550 PG Riptide AMD B550 Socket AM4 ATX,"9,790 MKD.",https://gjirafa50.mk/pllake-ame-asrock-b550-pg-riptide-amd-b550-socket-am4-atx,,Motherboard,Gjirafa50
Матична плоча Asrock B550M Pro4 Socket AM4 micro ATX AMD B550,"8,090 MKD.",https://gjirafa50.mk/pllake-ame-asrock-b550m-pro4-socket-am4-micro-atx-amd-b550,,Motherboard,Gjirafa50
Матична плоча ASUS ProArt X570-CREATOR WiFi AMD X570 Socket AM4 ATX,"30,090 MKD.",https://gjirafa50.mk/pllake-ame-asus-proart-x570-creator-wifi-amd-x570-socket-am4-atx,,Motherboard,Gjirafa50
Матична плоча Gigabyte B450 AORUS Elite V2 Socket AM4 ATX AMD B450,"7,590 MKD.",https://gjirafa50.mk/pllake-ame-gigabyte-b450-aorus-elite-v2-socket-am4-atx-amdb450,,Motherboard,Gjirafa50
Матична плоча Gigabyte H510M K V2,"5,590 MKD.",https://gjirafa50.mk/pllake-ame-gigabyte-h510m-k-v2,,Motherboard,Gjirafa50
Матична плоча Gigabyte H510M H V2,"5,390 MKD.",https://gjirafa50.mk/pllake-ame-gigabyte-h510m-h-v2,,Motherboard,Gjirafa50
Матична плоча Gigabyte B760M DS3H AX DDR4,"10,190 MKD.",https://gjirafa50.mk/pllake-ame-gigabyte-b760m-ds3h-ax-ddr4,,Motherboard,Gjirafa50
Матична плоча Gigabyte Z790 UD,"14,290 MKD.",https://gjirafa50.mk/matichna-plocha-gigabyte-z790-ud,,Motherboard,Gjirafa50
Матична плоча Gigabyte Z790 UD AX,"15,990 MKD.",https://gjirafa50.mk/pllake-ame-gigabyte-z790-ud-ax,,Motherboard,Gjirafa50
Матична плоча Gigabyte B650M AORUS ELITE AX,"14,890 MKD.",https://gjirafa50.mk/pllake-ame-gigabyte-b650m-aorus-elite-ax,,Motherboard,Gjirafa50
Матична плоча Gigabyte B650M Gaming X AX (rev. 1.x) AMD B650 Socket AM5 micro ATX,"12,190 MKD.",https://gjirafa50.mk/pllake-ame-gigabyte-b650m-gaming-x-ax-rev-1x-amd-b650-socket-am5-micro-atx,,Motherboard,Gjirafa50
Матична плоча Gigabyte B650M DS3H,"12,090 MKD.",https://gjirafa50.mk/pllake-ame-gigabyte-b650m-ds3h,,Motherboard,Gjirafa50
Матична плоча Gigabyte A520M K V2 AMD A520 Socket AM4 micro ATX,"4,990 MKD.",https://gjirafa50.mk/pllake-ame-gigabyte-a520m-k-v2-amd-a520-socket-am4-micro-atx,,Motherboard,Gjirafa50
Матична плоча Gigabyte B550M K 1.0 AMD B550 Socket AM4 micro ATX,"7,090 MKD.",https://gjirafa50.mk/pllake-ame-gigabyte-b550m-k-10-amd-b550-socket-am4-micro-atx,,Motherboard,Gjirafa50
Матична плоча Gigabyte B450M K (rev. 1.0) AMD B450 Socket AM4 micro ATX,"5,190 MKD.",https://gjirafa50.mk/pllake-ame-gigabyte-b450m-k-rev-10-amd-b450-socket-am4-micro-atx,,Motherboard,Gjirafa50
Матична плоча MSI PRO H610M-G Intel H610 LGA 1700 micro ATX,"7,590 MKD.",https://gjirafa50.mk/pllake-ame-msi-pro-h610m-g-intel-h610-lga-1700-micro-atx,,Motherboard,Gjirafa50
Матична плоча MSI PRO B760M-P Intel B760 LGA 1700 micro ATX,"8,890 MKD.",https://gjirafa50.mk/pllake-ame-msi-pro-b760m-p-intel-b760-lga-1700-micro-atx,,Motherboard,Gjirafa50
Матична плоча MSI B760 Gaming PLUS WiFi Intel B760 LGA 1700 ATX,"11,790 MKD.",https://gjirafa50.mk/pllake-ame-msi-b760-gaming-plus-wifi-intel-b760-lga-1700-atx,,Motherboard,Gjirafa50
Матична плоча MSI MAG Z790 TOMAHAWK WiFi Intel Z790 LGA 1700 ATX,"18,090 MKD.",https://gjirafa50.mk/pllake-ame-msi-mag-z790-tomahawk-wifi-intel-z790-lga-1700-atx,,Motherboard,Gjirafa50
Матична плоча MSI PRO B650M-B AMD B650 Socket AM5 micro ATX,"8,290 MKD.",https://gjirafa50.mk/pllake-ame-msi-pro-b650m-b-amd-b650-socket-am5-micro-atx,,Motherboard,Gjirafa50
Матична плоча MSI PRO B650M-A WiFi AMD B650 Socket AM5 micro ATX,"13,090 MKD.",https://gjirafa50.mk/pllake-ame-msi-pro-b650m-a-wifi-amd-b650-socket-am5-micro-atx,,Motherboard,Gjirafa50
Матична плоча MSI MAG B650 Tomahawk WiFi AMD B650 Socket AM5 ATX,"14,490 MKD.",https://gjirafa50.mk/pllake-ame-msi-mag-b650-tomahawk-wifi-amd-b650-socket-am5-atx,,Motherboard,Gjirafa50
Матична плоча MSI B650 Gaming PLUS WiFi AMD B650 Socket AM5 ATX,"12,390 MKD.",https://gjirafa50.mk/pllake-ame-msi-b650-gaming-plus-wifi-amd-b650-socket-am5-atx,,Motherboard,Gjirafa50
Матична плоча MSI MPG B550 Gaming GEN3 AMD B550 Socket AM4 ATX,"7,590 MKD.",https://gjirafa50.mk/pllake-ame-msi-mpg-b550-gaming-gen3-amd-b550-socket-am4-atx,,Motherboard,Gjirafa50
Матична плоча MSI B550M PRO-VDH AMD B550 Socket AM4 micro ATX,"7,690 MKD.",https://gjirafa50.mk/pllake-ame-msi-b550m-pro-vdh-amd-b550-socket-am4-micro-atx,,Motherboard,Gjirafa50
Матична плоча Biostar Z590MHP Intel Z590 LGA 1200 (Socket H5) micro ATX,"5,590 MKD.",https://gjirafa50.mk/pllake-ame-biostar-z590mhp-intel-z590-lga-1200-socket-h5-micro-atx,,Motherboard,Gjirafa50
Матична плоча Biostar H610MHP Intel H610 LGA 1700 micro ATX,"5,390 MKD.",https://gjirafa50.mk/pllake-ame-biostar-h610mhp-intel-h610-lga-1700-micro-atx,,Motherboard,Gjirafa50
Матична плоча ASRock B650M-HDV/M.2 - AMD B650,"9,390 MKD.",https://gjirafa50.mk/pllake-ame-asrock-b650m-hdvm2-amd-b650-2,,Motherboard,Gjirafa50
Матична плоча ASRock B550 Extreme4 - AMD B550,"12,590 MKD.",https://gjirafa50.mk/pllake-ame-asrock-b550-extreme4-amd-b550-2,,Motherboard,Gjirafa50
Матична плоча ASRock B550 Steel Legend - AMD B550,"13,290 MKD.",https://gjirafa50.mk/pllake-ame-asrock-b550-steel-legend-amd-b550-2,,Motherboard,Gjirafa50
Матична плоча MSI B550M PRO-VDH WIFI - AMD B550,"9,090 MKD.",https://gjirafa50.mk/pllake-ame-msi-b550m-pro-vdh-wifi-amd-b550-2,,Motherboard,Gjirafa50
ASUS TUF GAMING Матична плоча B450-PLUS II - AMD B450,"8,590 MKD.",https://gjirafa50.mk/pllake-ame-asus-tuf-gaming-b450-plus-ii-amd-b450-2,,Motherboard,Gjirafa50
Матична плоча ASUS PRIME B450M-K II - AMD B450,"7,390 MKD.",https://gjirafa50.mk/pllake-ame-asus-prime-b450m-k-ii-amd-b450-2,,Motherboard,Gjirafa50
Pllakë amë Asus PRIME H510M-A,"7,890 MKD.",https://gjirafa50.mk/pllake-ame-asus-prime-h510m-a-2,,Motherboard,Gjirafa50
ASUS TUF GAMING B550M-E - AMD B550,"9,790 MKD.",https://gjirafa50.mk/pllake-ame-asus-tuf-gaming-b550m-e-amd-b550-2,,Motherboard,Gjirafa50
Pllakë amë ASUS PRIME B660M-K D4 - Intel B660,"6,990 MKD.",https://gjirafa50.mk/pllake-ame-asus-prime-b660m-k-d4-intel-b660-2,,Motherboard,Gjirafa50
Матична плоча ASUS ROG STRIX X670E-E GAMING WIFI - AMD X670,"39,490 MKD.",https://gjirafa50.mk/pllake-ame-asus-rog-strix-x670e-e-gaming-wifi-amd-x670-2,,Motherboard,Gjirafa50
Матична плоча ASUS PRIME X670E-PRO WIFI - AMD X670,"25,690 MKD.",https://gjirafa50.mk/pllake-ame-asus-prime-x670e-pro-wifi-amd-x670-2,,Motherboard,Gjirafa50
Матична плоча ASUS PRIME X670-P WIFI - AMD X670,"20,190 MKD.",https://gjirafa50.mk/pllake-ame-asus-prime-x670-p-wifi-amd-x670-2,,Motherboard,Gjirafa50
Матична плоча ASUS ROG STRIX Z790-A GAMING WIFI D4 (DDR4) - Intel Z790,"26,690 MKD.",https://gjirafa50.mk/pllake-ame-asus-rog-strix-z790-a-gaming-wifi-d4-ddr4-intel-z790-2,,Motherboard,Gjirafa50
Матична плоча ASUS ROG STRIX Z790-I GAMING WIFI - Intel Z790,"31,690 MKD.",https://gjirafa50.mk/pllake-ame-asus-rog-strix-z790-i-gaming-wifi-intel-z790-2,,Motherboard,Gjirafa50
Матична плоча ASUS PRIME Z790-P WIFI - Intel Z790,"17,590 MKD.",https://gjirafa50.mk/pllake-ame-asus-prime-z790-p-wifi-intel-z790-3,,Motherboard,Gjirafa50
Матична плоча ASRock B650 PG Lightning - AMD B650,"12,390 MKD.",https://gjirafa50.mk/pllake-ame-asrock-b650-pg-lightning-amd-b650-2,,Motherboard,Gjirafa50
Матична плоча GIGABYTE B650M AORUS ELITE AX - AMD B650,"14,090 MKD.",https://gjirafa50.mk/pllake-ame-gigabyte-b650m-aorus-elite-ax-amd-b650-2,,Motherboard,Gjirafa50
Матична плоча GIGABYTE B650M DS3H - AMD B650,"12,890 MKD.",https://gjirafa50.mk/pllake-ame-gigabyte-b650m-ds3h-amd-b650-2,,Motherboard,Gjirafa50
ASUS ROG STRIX B650E-I GAMING WIFI - AMD B650,"23,790 MKD.",https://gjirafa50.mk/pllake-ame-asus-rog-strix-b650e-i-gaming-wifi-amd-b650-2,,Motherboard,Gjirafa50
Матична плоча GIGABYTE Z790 Aorus Elite AX - Intel Z790,"18,090 MKD.",https://gjirafa50.mk/matichna-plocha-gigabyte-z790-aorus-elite-ax-intel-z790,,Motherboard,Gjirafa50
Матична плоча GIGABYTE Z790 Aero G - Intel Z790,"21,090 MKD.",https://gjirafa50.mk/pllake-ame-gigabyte-z790-aero-g-intel-z790-2,,Motherboard,Gjirafa50
Матична плоча GIGABYTE Z790 Aorus Master - Intel Z790,"33,190 MKD.",https://gjirafa50.mk/pllake-ame-gigabyte-z790-aorus-master-intel-z790-2,,Motherboard,Gjirafa50
"Pllakë amë ASRock Z790, e zezë","12,890 MKD.",https://gjirafa50.mk/pllake-ame-asrock-z790-e-zeze-2,,Motherboard,Gjirafa50
Матична плоча АSUS TUF GAMING B760M-PLUS WIFI D4 (DDR4) - Intel B760,"13,990 MKD.",https://gjirafa50.mk/pllake-ame-asus-tuf-gaming-b760m-plus-wifi-d4-ddr4-intel-b760,,Motherboard,Gjirafa50
Матична плоча ASUS TUF GAMING H770-PRO WIFI - Intel H770,"20,190 MKD.",https://gjirafa50.mk/asus-tuf-gaming-h770-pro-wifi-intel-h770-2,,Motherboard,Gjirafa50
Mатична плоча ASUS TUF GAMING Z790-PLUS WIFI - Intel Z790,"21,190 MKD.",https://gjirafa50.mk/pllake-ame-asus-tuf-gaming-z790-plus-wifi-intel-z790-2,,Motherboard,Gjirafa50
Pllakë amë MSI MPG X670E CARBON WIFI,"31,590 MKD.",https://gjirafa50.mk/pllake-ame-msi-mpg-x670e-carbon-wifi-2,,Motherboard,Gjirafa50
Матична плоча GIGABYTE B760 DS3H DDR4 - Intel B760,"9,290 MKD.",https://gjirafa50.mk/pllake-ame-gigabyte-b760-ds3h-ddr4-intel-b760-2,,Motherboard,Gjirafa50
Pllakë amë MSI PRO B760M-P - Intel B760,"7,490 MKD.",https://gjirafa50.mk/pllake-ame-msi-pro-b760m-p-intel-b760-3,,Motherboard,Gjirafa50
Матична плоча GIGABYTE B450M K - AMD B450,"4,790 MKD.",https://gjirafa50.mk/matichna-plocha-gigabyte-b450m-k-amd-b450,,Motherboard,Gjirafa50
Pllakë amë Gigabyte H410M H V2 Intel H410 LGA 1200 micro ATX,"4,990 MKD.",https://gjirafa50.mk/pllake-ame-gigabyte-h410m-h-v2-intel-h410-lga-1200-micro-atx-3,,Motherboard,Gjirafa50
Pllakë amë GIGABYTE B760 AORUS ELITE AX - Intel B760,"13,690 MKD.",https://gjirafa50.mk/pllake-ame-gigabyte-b760-aorus-elite-ax-intel-b760-2,,Motherboard,Gjirafa50
Pllakë amë GIGABYTE B760I AORUS PRO DDR4 - Intel B760,"14,490 MKD.",https://gjirafa50.mk/pllake-ame-gigabyte-b760i-aorus-pro-ddr4-intel-b760-2,,Motherboard,Gjirafa50
GIGABYTE H510M K V2 матична плоча - Intel H470,"6,290 MKD.",https://gjirafa50.mk/pllake-ame-gigabyte-h510m-k-v2-intel-h470-2,,Motherboard,Gjirafa50
Pllakë amë GIGABYTE H610I DDR4 - Intel H610,"8,990 MKD.",https://gjirafa50.mk/pllake-ame-gigabyte-h610i-ddr4-intel-h610-2,,Motherboard,Gjirafa50
"Pllakë amë GIGABYTE Z790 AORUS ELITE X WIFI7, LGA 1700, ATX","20,390 MKD.",https://gjirafa50.mk/pllake-ame-gigabyte-z790-aorus-elite-x-wifi7-lga-1700-atx,,Motherboard,Gjirafa50
Графичка картичка GIGABYTE Z790 AORUS PRO X - Intel Z790,"26,290 MKD.",https://gjirafa50.mk/pllake-ame-gigabyte-z790-aorus-pro-x-intel-z790-lga1700-4xddr5-atx-2,,Motherboard,Gjirafa50
Матична плоча MSI PRO B650-S WIFI - AMD B650,"11,390 MKD.",https://gjirafa50.mk/pllake-ame-msi-pro-b650-s-wifi-amd-b650-2,,Motherboard,Gjirafa50
Матична плоча ASRock H310CM-DVS,"5,090 MKD.",https://gjirafa50.mk/matichna-plocha-asrock-h310cm-dvs,,Motherboard,Gjirafa50
Матична плоча Asrock WRX80 CREATOR WRX8 R2.0,"44,990 MKD.",https://gjirafa50.mk/pllake-ame-asrock-wrx80-creator-wrx8-r20,,Motherboard,Gjirafa50
